timestamp_utc,elapsed_s,sample_interval_s,cpu_utilization_pct,gpu_utilization_pct,gpu_memory_used_mb,gpu_memory_total_mb,gpu_power_w,gpu_temperature_c,torch_gpu_allocated_mb,torch_gpu_reserved_mb,gpu_metrics_source
2026-03-31T04:25:32.700063+00:00,0.003304004669189453,0.5,0.0,0.0,5897.25,32760.0,51.685,48.0,5050.03564453125,5180.0,pynvml
2026-03-31T04:25:33.206166+00:00,0.5094122886657715,0.5,0.6,98.0,9993.25,32760.0,86.4,52.0,8706.03271484375,9216.0,pynvml
2026-03-31T04:25:33.711224+00:00,1.0144648551940918,0.5,0.6,70.0,17909.25,32760.0,105.914,50.0,10182.4931640625,17122.0,pynvml
2026-03-31T04:25:34.215850+00:00,1.5190932750701904,0.5,0.6,97.0,18033.25,32760.0,187.367,54.0,12766.2294921875,17246.0,pynvml
2026-03-31T04:25:34.720618+00:00,2.0238587856292725,0.5,0.7,58.0,18037.25,32760.0,196.142,55.0,12831.638671875,17250.0,pynvml
2026-03-31T04:25:35.224957+00:00,2.5281982421875,0.5,0.6,71.0,20111.25,32760.0,191.512,58.0,16060.79345703125,19324.0,pynvml
2026-03-31T04:25:35.729189+00:00,3.0324292182922363,0.5,0.5,97.0,20243.25,32760.0,211.934,53.0,10200.91259765625,19456.0,pynvml
2026-03-31T04:25:36.233344+00:00,3.536585807800293,0.5,0.6,100.0,20243.25,32760.0,215.036,56.0,12779.8251953125,19456.0,pynvml
2026-03-31T04:25:36.737887+00:00,4.041128396987915,0.5,0.6,89.0,20243.25,32760.0,197.127,58.0,12554.37158203125,19456.0,pynvml
2026-03-31T04:25:37.243269+00:00,4.546510934829712,0.5,0.6,86.0,20243.25,32760.0,195.948,58.0,12126.5126953125,19456.0,pynvml
2026-03-31T04:25:37.747323+00:00,5.050565481185913,0.5,0.5,80.0,20243.25,32760.0,192.924,52.0,10182.4931640625,19456.0,pynvml
2026-03-31T04:25:38.264150+00:00,5.567391633987427,0.5,0.6,97.0,20243.25,32760.0,207.361,59.0,12762.8505859375,19456.0,pynvml
2026-03-31T04:25:38.769134+00:00,6.072378396987915,0.5,0.6,72.0,20243.25,32760.0,205.136,59.0,12409.673828125,19456.0,pynvml
2026-03-31T04:25:39.274100+00:00,6.577341318130493,0.5,0.6,88.0,20243.25,32760.0,194.229,59.0,13097.14111328125,19456.0,pynvml
2026-03-31T04:25:39.779639+00:00,7.082889556884766,0.5,0.5,97.0,20243.25,32760.0,200.436,53.0,10182.4931640625,19456.0,pynvml
2026-03-31T04:25:40.284274+00:00,7.587523698806763,0.5,0.6,98.0,20243.25,32760.0,197.665,54.0,10200.91357421875,19456.0,pynvml
2026-03-31T04:25:40.789226+00:00,8.092468500137329,0.5,0.6,97.0,20243.25,32760.0,195.354,58.0,13140.724609375,19456.0,pynvml
2026-03-31T04:25:41.294264+00:00,8.597506284713745,0.5,0.6,78.0,20243.25,32760.0,199.624,60.0,13852.470703125,19456.0,pynvml
2026-03-31T04:25:41.799225+00:00,9.102464437484741,0.5,0.5,97.0,20243.25,32760.0,202.698,54.0,10182.4931640625,19456.0,pynvml
2026-03-31T04:25:42.316704+00:00,9.61994743347168,0.5,0.6,99.0,20243.25,32760.0,208.643,56.0,12774.84375,19456.0,pynvml
2026-03-31T04:25:42.821968+00:00,10.125209093093872,0.5,0.6,100.0,20243.25,32760.0,194.808,58.0,12164.72119140625,19456.0,pynvml
2026-03-31T04:25:43.327365+00:00,10.630615234375,0.5,0.6,68.0,20243.25,32760.0,191.638,59.0,13591.99853515625,19456.0,pynvml
2026-03-31T04:25:43.832503+00:00,11.13574504852295,0.5,0.7,84.0,20243.25,32760.0,195.091,58.0,13679.12939453125,19456.0,pynvml
2026-03-31T04:25:44.341137+00:00,11.644388437271118,0.5,0.5,99.0,20243.25,32760.0,203.833,60.0,12763.6171875,19456.0,pynvml
2026-03-31T04:25:44.846599+00:00,12.149850845336914,0.5,0.6,85.0,20243.25,32760.0,205.859,60.0,15090.68505859375,19456.0,pynvml
2026-03-31T04:25:45.351821+00:00,12.65506625175476,0.5,0.6,68.0,20243.25,32760.0,194.983,59.0,14319.3740234375,19456.0,pynvml
2026-03-31T04:25:45.856786+00:00,13.160030364990234,0.5,0.5,97.0,20243.25,32760.0,211.763,60.0,12772.13037109375,19456.0,pynvml
2026-03-31T04:25:46.362559+00:00,13.665810108184814,0.5,0.6,79.0,20243.25,32760.0,205.467,60.0,12735.763671875,19456.0,pynvml
2026-03-31T04:25:46.868003+00:00,14.171246528625488,0.5,0.6,94.0,20243.25,32760.0,195.662,60.0,13779.5224609375,19456.0,pynvml
2026-03-31T04:25:47.372563+00:00,14.67580533027649,0.5,0.5,97.0,20243.25,32760.0,199.099,56.0,10200.91455078125,19456.0,pynvml
2026-03-31T04:25:47.878093+00:00,15.181334018707275,0.5,0.6,100.0,20243.25,32760.0,203.595,60.0,13323.61962890625,19456.0,pynvml
2026-03-31T04:25:48.384366+00:00,15.687609434127808,0.5,0.6,66.0,20243.25,32760.0,193.42,60.0,13888.0673828125,19456.0,pynvml
2026-03-31T04:25:48.889141+00:00,16.192380905151367,0.5,0.5,98.0,20243.25,32760.0,199.055,56.0,10200.91259765625,19456.0,pynvml
2026-03-31T04:25:49.394175+00:00,16.697418212890625,0.5,0.6,98.0,20243.25,32760.0,205.753,61.0,12764.4599609375,19456.0,pynvml
2026-03-31T04:25:49.902261+00:00,17.205512285232544,0.5,0.6,68.0,20243.25,32760.0,195.254,61.0,14895.08349609375,19456.0,pynvml
2026-03-31T04:25:50.407265+00:00,17.710508584976196,0.5,0.6,97.0,20243.25,32760.0,200.285,55.0,10182.4931640625,19456.0,pynvml
2026-03-31T04:25:50.912225+00:00,18.215467929840088,0.5,0.6,100.0,20243.25,32760.0,207.048,58.0,12778.4521484375,19456.0,pynvml
2026-03-31T04:25:51.418126+00:00,18.72136926651001,0.5,0.6,100.0,20243.25,32760.0,195.596,61.0,15313.42041015625,19456.0,pynvml
2026-03-31T04:25:51.922850+00:00,19.22608971595764,0.5,0.6,97.0,20243.25,32760.0,201.748,59.0,10512.849609375,19456.0,pynvml
2026-03-31T04:25:52.428317+00:00,19.731558322906494,0.5,0.5,97.0,20243.25,32760.0,211.999,57.0,10200.9130859375,19456.0,pynvml
2026-03-31T04:25:52.938036+00:00,20.24127960205078,0.5,0.6,97.0,20243.25,32760.0,201.642,59.0,12949.74462890625,19456.0,pynvml
2026-03-31T04:25:53.443462+00:00,20.746712923049927,0.5,0.7,67.0,20243.25,32760.0,189.193,61.0,12304.62890625,19456.0,pynvml
2026-03-31T04:25:53.948539+00:00,21.25178074836731,0.5,0.6,81.0,20243.25,32760.0,190.149,56.0,10182.4931640625,19456.0,pynvml
2026-03-31T04:25:54.454816+00:00,21.758067846298218,0.5,0.6,97.0,20243.25,32760.0,200.962,57.0,10200.9111328125,19456.0,pynvml
2026-03-31T04:25:54.960452+00:00,22.263694286346436,0.5,0.6,97.0,20243.25,32760.0,199.863,62.0,12824.64453125,19456.0,pynvml
2026-03-31T04:25:55.465955+00:00,22.769206523895264,0.5,0.6,68.0,20243.25,32760.0,197.3,62.0,16017.44189453125,19456.0,pynvml
2026-03-31T04:25:55.972097+00:00,23.27534794807434,0.5,0.5,97.0,20243.25,32760.0,208.125,58.0,10200.91162109375,19456.0,pynvml
2026-03-31T04:25:56.477689+00:00,23.78093147277832,0.5,0.6,100.0,20243.25,32760.0,211.165,62.0,12764.43994140625,19456.0,pynvml
2026-03-31T04:25:56.983176+00:00,24.286426782608032,0.5,0.6,72.0,20243.25,32760.0,194.046,62.0,13313.11083984375,19456.0,pynvml
2026-03-31T04:25:57.488396+00:00,24.791639804840088,0.5,0.6,97.0,20243.25,32760.0,190.477,62.0,13265.01416015625,19456.0,pynvml
2026-03-31T04:25:57.994324+00:00,25.297574996948242,0.5,0.5,96.0,20243.25,32760.0,205.355,58.0,10200.9111328125,19456.0,pynvml
2026-03-31T04:25:58.499492+00:00,25.802735567092896,0.5,0.6,100.0,20243.25,32760.0,203.611,62.0,12825.61376953125,19456.0,pynvml
2026-03-31T04:25:59.004442+00:00,26.307692527770996,0.5,0.6,71.0,22403.25,32760.0,198.567,62.0,16511.00439453125,21616.0,pynvml
2026-03-31T04:25:59.511093+00:00,26.81434440612793,0.5,0.5,97.0,22509.25,32760.0,209.644,58.0,10200.91455078125,21722.0,pynvml
2026-03-31T04:26:00.016956+00:00,27.32019805908203,0.5,0.6,100.0,22509.25,32760.0,218.815,60.0,13704.49853515625,21722.0,pynvml
2026-03-31T04:26:00.522328+00:00,27.825579404830933,0.5,0.6,97.0,22509.25,32760.0,194.87,62.0,14385.73779296875,21722.0,pynvml
2026-03-31T04:26:01.028797+00:00,28.332048416137695,0.5,0.5,97.0,22509.25,32760.0,210.032,58.0,10200.9140625,21722.0,pynvml
2026-03-31T04:26:01.535688+00:00,28.8389310836792,0.5,0.7,98.0,22509.25,32760.0,212.079,60.0,12773.8681640625,21722.0,pynvml
2026-03-31T04:26:02.040145+00:00,29.343388080596924,0.5,0.7,62.0,22509.25,32760.0,187.69,62.0,12643.810546875,21722.0,pynvml
2026-03-31T04:26:02.545766+00:00,29.8490092754364,0.5,0.6,67.0,22509.25,32760.0,182.701,63.0,14282.859375,21722.0,pynvml
2026-03-31T04:26:03.051070+00:00,30.35431170463562,0.5,0.5,98.0,22509.25,32760.0,202.5,58.0,10200.9140625,21722.0,pynvml
2026-03-31T04:26:03.556912+00:00,30.860154151916504,0.5,0.6,95.0,22509.25,32760.0,211.671,58.0,10200.9130859375,21722.0,pynvml
2026-03-31T04:26:04.061501+00:00,31.364744186401367,0.5,0.6,100.0,22509.25,32760.0,196.931,62.0,12611.04638671875,21722.0,pynvml
2026-03-31T04:26:04.567482+00:00,31.870725393295288,0.5,0.6,93.0,22509.25,32760.0,195.955,63.0,13805.11572265625,21722.0,pynvml
2026-03-31T04:26:05.072914+00:00,32.37615633010864,0.5,0.6,97.0,24869.25,32760.0,191.611,63.0,16791.328125,24082.0,pynvml
2026-03-31T04:26:05.577621+00:00,32.880863428115845,0.5,0.5,98.0,25023.25,32760.0,213.178,63.0,12757.78173828125,24236.0,pynvml
2026-03-31T04:26:06.082364+00:00,33.38560676574707,0.5,0.6,69.0,25023.25,32760.0,209.621,64.0,14219.3525390625,24236.0,pynvml
2026-03-31T04:26:06.586857+00:00,33.890097856521606,0.5,0.5,97.0,25023.25,32760.0,210.167,59.0,10182.49365234375,24236.0,pynvml
2026-03-31T04:26:07.091484+00:00,34.39472675323486,0.5,0.6,100.0,25023.25,32760.0,216.938,64.0,12762.03466796875,24236.0,pynvml
2026-03-31T04:26:07.597011+00:00,34.90025448799133,0.5,0.6,93.0,25023.25,32760.0,200.518,63.0,14143.0244140625,24236.0,pynvml
2026-03-31T04:26:08.101974+00:00,35.40521740913391,0.5,0.6,97.0,25023.25,32760.0,195.231,63.0,15736.2705078125,24236.0,pynvml
2026-03-31T04:26:08.606397+00:00,35.909640073776245,0.5,0.5,97.0,25023.25,32760.0,212.476,64.0,12759.95263671875,24236.0,pynvml
2026-03-31T04:26:09.111676+00:00,36.41491889953613,0.5,0.6,72.0,25023.25,32760.0,206.529,64.0,14049.03955078125,24236.0,pynvml
2026-03-31T04:26:09.616600+00:00,36.9198431968689,0.5,0.6,82.0,25023.25,32760.0,202.408,63.0,13964.24267578125,24236.0,pynvml
2026-03-31T04:26:10.121598+00:00,37.42483949661255,0.5,0.5,97.0,25023.25,32760.0,212.704,59.0,10200.9140625,24236.0,pynvml
2026-03-31T04:26:10.626206+00:00,37.929447650909424,0.5,0.6,100.0,25023.25,32760.0,209.617,64.0,12770.43115234375,24236.0,pynvml
2026-03-31T04:26:11.135151+00:00,38.43839502334595,0.5,0.6,100.0,25023.25,32760.0,198.757,64.0,14001.35009765625,24236.0,pynvml
2026-03-31T04:26:11.640367+00:00,38.94361138343811,0.5,0.6,89.0,25023.25,32760.0,194.76,64.0,13963.1767578125,24236.0,pynvml
2026-03-31T04:26:12.146060+00:00,39.449302434921265,0.5,0.5,97.0,25023.25,32760.0,207.683,60.0,10200.91259765625,24236.0,pynvml
2026-03-31T04:26:12.651906+00:00,39.95514917373657,0.5,0.6,100.0,25023.25,32760.0,209.849,64.0,12775.25634765625,24236.0,pynvml
2026-03-31T04:26:13.156595+00:00,40.459837675094604,0.5,0.6,86.0,25023.25,32760.0,199.973,64.0,13869.40966796875,24236.0,pynvml
2026-03-31T04:26:13.661512+00:00,40.964751958847046,0.5,0.6,97.0,25023.25,32760.0,192.73,64.0,14380.3818359375,24236.0,pynvml
2026-03-31T04:26:14.166863+00:00,41.47010827064514,0.5,0.5,97.0,25023.25,32760.0,216.433,62.0,12766.63232421875,24236.0,pynvml
2026-03-31T04:26:14.672806+00:00,41.97604942321777,0.5,0.6,67.0,25023.25,32760.0,210.156,63.0,14291.7333984375,24236.0,pynvml
2026-03-31T04:26:15.177342+00:00,42.48058366775513,0.5,0.6,70.0,25023.25,32760.0,197.933,64.0,12260.9150390625,24236.0,pynvml
2026-03-31T04:26:15.691082+00:00,42.99432420730591,0.5,0.5,95.0,25023.25,32760.0,203.328,58.0,10182.4931640625,24236.0,pynvml
2026-03-31T04:26:16.196393+00:00,43.49964356422424,0.5,0.6,97.0,25023.25,32760.0,204.0,65.0,12764.08349609375,24236.0,pynvml
2026-03-31T04:26:16.702467+00:00,44.005717754364014,0.5,0.7,43.0,25023.25,32760.0,193.737,64.0,15288.3447265625,24236.0,pynvml
2026-03-31T04:26:17.208454+00:00,44.51170516014099,0.5,0.5,97.0,25023.25,32760.0,199.319,60.0,10200.916015625,24236.0,pynvml
2026-03-31T04:26:17.714484+00:00,45.01773452758789,0.5,0.6,100.0,25023.25,32760.0,215.634,65.0,12763.97119140625,24236.0,pynvml
2026-03-31T04:26:18.220285+00:00,45.52353501319885,0.5,0.6,67.0,25023.25,32760.0,199.608,65.0,15117.7626953125,24236.0,pynvml
2026-03-31T04:26:18.725964+00:00,46.02920866012573,0.5,0.5,92.0,25023.25,32760.0,203.874,60.0,10182.4931640625,24236.0,pynvml
2026-03-31T04:26:19.231227+00:00,46.53447771072388,0.5,0.6,97.0,25023.25,32760.0,206.94,60.0,10200.90869140625,24236.0,pynvml
2026-03-31T04:26:19.736381+00:00,47.03962540626526,0.5,0.6,96.0,25023.25,32760.0,201.025,65.0,12767.21240234375,24236.0,pynvml
2026-03-31T04:26:20.241607+00:00,47.54484677314758,0.5,0.6,67.0,25023.25,32760.0,197.462,64.0,12793.0,24236.0,pynvml
2026-03-31T04:26:20.746519+00:00,48.04975938796997,0.5,0.6,68.0,25023.25,32760.0,193.006,64.0,14067.71875,24236.0,pynvml
2026-03-31T04:26:21.251189+00:00,48.554428815841675,0.5,0.5,97.0,25023.25,32760.0,205.488,60.0,10200.91650390625,24236.0,pynvml
2026-03-31T04:26:21.756103+00:00,49.05934405326843,0.5,0.6,98.0,25023.25,32760.0,210.708,62.0,12772.56201171875,24236.0,pynvml
2026-03-31T04:26:22.260694+00:00,49.563937187194824,0.5,0.6,71.0,25023.25,32760.0,198.398,63.0,13716.96533203125,24236.0,pynvml
2026-03-31T04:26:22.766177+00:00,50.069419622421265,0.5,0.7,67.0,25023.25,32760.0,192.739,65.0,13830.646484375,24236.0,pynvml
2026-03-31T04:26:23.271044+00:00,50.57428598403931,0.5,0.5,96.0,25023.25,32760.0,204.29,60.0,10200.91064453125,24236.0,pynvml
2026-03-31T04:26:23.776055+00:00,51.07929849624634,0.5,0.6,97.0,25023.25,32760.0,208.353,62.0,12777.744140625,24236.0,pynvml
2026-03-31T04:26:24.281140+00:00,51.584383487701416,0.5,0.6,66.0,25023.25,32760.0,197.474,63.0,14103.13427734375,24236.0,pynvml
2026-03-31T04:26:24.786304+00:00,52.0895471572876,0.5,0.6,68.0,25023.25,32760.0,192.218,64.0,15075.45166015625,24236.0,pynvml
2026-03-31T04:26:25.291483+00:00,52.59472370147705,0.5,0.5,97.0,25023.25,32760.0,213.928,61.0,10200.91650390625,24236.0,pynvml
2026-03-31T04:26:25.796186+00:00,53.09942960739136,0.5,0.8,91.0,25023.25,32760.0,200.474,65.0,13772.90576171875,24236.0,pynvml
2026-03-31T04:26:26.301282+00:00,53.6045241355896,0.5,0.6,97.0,25023.25,32760.0,188.71,65.0,12397.8701171875,24236.0,pynvml
2026-03-31T04:26:26.806411+00:00,54.10965180397034,0.5,0.6,97.0,25023.25,32760.0,201.475,59.0,10182.4931640625,24236.0,pynvml
2026-03-31T04:26:27.312514+00:00,54.61576318740845,0.5,0.6,98.0,25023.25,32760.0,202.997,62.0,12777.43505859375,24236.0,pynvml
2026-03-31T04:26:27.817727+00:00,55.12096667289734,0.5,0.6,97.0,25023.25,32760.0,200.373,63.0,11847.92724609375,24236.0,pynvml
2026-03-31T04:26:28.327114+00:00,55.63035798072815,0.5,0.6,82.0,25023.25,32760.0,195.124,65.0,15108.36865234375,24236.0,pynvml
2026-03-31T04:26:28.832098+00:00,56.13534164428711,0.5,0.5,100.0,25023.25,32760.0,200.663,61.0,10200.91259765625,24236.0,pynvml
2026-03-31T04:26:29.336907+00:00,56.64014911651611,0.5,0.6,97.0,25023.25,32760.0,213.375,65.0,12782.19677734375,24236.0,pynvml
2026-03-31T04:26:29.842301+00:00,57.1455454826355,0.5,0.6,68.0,25023.25,32760.0,202.318,65.0,15082.05126953125,24236.0,pynvml
2026-03-31T04:26:30.347446+00:00,57.65068793296814,0.5,0.6,85.0,25023.25,32760.0,202.604,59.0,10182.4931640625,24236.0,pynvml
2026-03-31T04:26:30.857679+00:00,58.160922050476074,0.5,0.6,97.0,25023.25,32760.0,212.968,65.0,12763.1630859375,24236.0,pynvml
2026-03-31T04:26:31.363087+00:00,58.666330337524414,0.5,0.6,100.0,25023.25,32760.0,205.55,65.0,13944.900390625,24236.0,pynvml
2026-03-31T04:26:31.868509+00:00,59.17175316810608,0.5,0.6,95.0,25023.25,32760.0,196.134,65.0,13557.24267578125,24236.0,pynvml
2026-03-31T04:26:32.373718+00:00,59.676960706710815,0.5,0.5,97.0,25023.25,32760.0,200.054,61.0,10200.908203125,24236.0,pynvml
2026-03-31T04:26:32.879649+00:00,60.182891845703125,0.5,0.6,100.0,25023.25,32760.0,203.391,62.0,12780.92919921875,24236.0,pynvml
2026-03-31T04:26:33.384567+00:00,60.68781018257141,0.5,0.6,100.0,25023.25,32760.0,199.444,65.0,16411.42236328125,24236.0,pynvml
2026-03-31T04:26:33.889694+00:00,61.19293141365051,0.5,0.5,100.0,25023.25,32760.0,207.447,60.0,10182.4931640625,24236.0,pynvml
2026-03-31T04:26:34.394248+00:00,61.6974937915802,0.5,0.6,97.0,25023.25,32760.0,214.384,66.0,12770.26513671875,24236.0,pynvml
2026-03-31T04:26:34.899197+00:00,62.20244097709656,0.5,0.6,67.0,25023.25,32760.0,202.156,65.0,12554.37060546875,24236.0,pynvml
2026-03-31T04:26:35.404801+00:00,62.70804476737976,0.5,0.6,66.0,25023.25,32760.0,190.911,65.0,13185.19482421875,24236.0,pynvml
2026-03-31T04:26:35.909889+00:00,63.21313118934631,0.5,0.6,95.0,25023.25,32760.0,201.224,59.0,10182.4931640625,24236.0,pynvml
2026-03-31T04:26:36.415113+00:00,63.71835684776306,0.5,0.6,98.0,25023.25,32760.0,202.667,61.0,10200.9140625,24236.0,pynvml
2026-03-31T04:26:36.924799+00:00,64.22805070877075,0.5,0.6,97.0,25023.25,32760.0,202.131,65.0,12808.18310546875,24236.0,pynvml
2026-03-31T04:26:37.429995+00:00,64.73323798179626,0.5,0.6,64.0,25023.25,32760.0,198.091,65.0,12555.912109375,24236.0,pynvml
2026-03-31T04:26:37.935986+00:00,65.23922848701477,0.5,0.6,70.0,25023.25,32760.0,193.78,66.0,14611.1962890625,24236.0,pynvml
2026-03-31T04:26:38.441232+00:00,65.74447464942932,0.5,0.5,97.0,25023.25,32760.0,208.768,61.0,10200.91455078125,24236.0,pynvml
2026-03-31T04:26:38.946444+00:00,66.24968647956848,0.5,0.6,97.0,25023.25,32760.0,205.933,66.0,12764.216796875,24236.0,pynvml
2026-03-31T04:26:39.451511+00:00,66.75475430488586,0.5,0.6,66.0,25023.25,32760.0,193.773,65.0,12582.201171875,24236.0,pynvml
2026-03-31T04:26:39.956528+00:00,67.25977158546448,0.5,0.6,70.0,25023.25,32760.0,193.057,65.0,13917.408203125,24236.0,pynvml
2026-03-31T04:26:40.461711+00:00,67.76495146751404,0.5,0.5,97.0,25023.25,32760.0,205.206,60.0,10182.4931640625,24236.0,pynvml
2026-03-31T04:26:40.966674+00:00,68.26991724967957,0.5,0.6,97.0,25023.25,32760.0,219.4,62.0,12761.60888671875,24236.0,pynvml
2026-03-31T04:26:41.471913+00:00,68.7751567363739,0.5,0.6,68.0,25023.25,32760.0,203.953,65.0,16202.22216796875,24236.0,pynvml
2026-03-31T04:26:41.976484+00:00,69.27972364425659,0.5,0.5,97.0,25023.25,32760.0,206.575,60.0,10182.4931640625,24236.0,pynvml
2026-03-31T04:26:42.481834+00:00,69.78507661819458,0.5,0.6,100.0,25023.25,32760.0,214.03,63.0,12774.91943359375,24236.0,pynvml
2026-03-31T04:26:42.987581+00:00,70.29083180427551,0.5,0.6,100.0,25023.25,32760.0,199.071,65.0,15029.00537109375,24236.0,pynvml
2026-03-31T04:26:43.497698+00:00,70.80093955993652,0.5,0.7,97.0,25023.25,32760.0,199.69,59.0,10182.4931640625,24236.0,pynvml
2026-03-31T04:26:44.002879+00:00,71.30611991882324,0.5,0.6,98.0,25023.25,32760.0,204.811,61.0,10200.91162109375,24236.0,pynvml
2026-03-31T04:26:44.507986+00:00,71.81122970581055,0.5,0.6,68.0,25023.25,32760.0,195.922,65.0,16289.458984375,24236.0,pynvml
2026-03-31T04:26:45.013114+00:00,72.3163526058197,0.5,0.5,97.0,25023.25,32760.0,204.967,60.0,10182.4931640625,24236.0,pynvml
2026-03-31T04:26:45.544584+00:00,72.84782862663269,0.5,0.6,95.0,25023.25,32760.0,206.289,61.0,10200.9150390625,24236.0,pynvml
2026-03-31T04:26:46.050651+00:00,73.35390210151672,0.5,0.6,100.0,25023.25,32760.0,202.504,65.0,12776.94775390625,24236.0,pynvml
2026-03-31T04:26:46.556530+00:00,73.85977292060852,0.5,0.6,100.0,25023.25,32760.0,199.544,65.0,13653.58837890625,24236.0,pynvml
2026-03-31T04:26:47.061900+00:00,74.36514353752136,0.5,0.6,93.0,25023.25,32760.0,192.61,65.0,13694.93017578125,24236.0,pynvml
2026-03-31T04:26:47.567675+00:00,74.87091827392578,0.5,0.5,97.0,25023.25,32760.0,201.323,61.0,10200.91748046875,24236.0,pynvml
2026-03-31T04:26:48.116333+00:00,75.41957473754883,0.5,0.6,100.0,25023.25,32760.0,210.98,62.0,12767.33056640625,24236.0,pynvml
2026-03-31T04:26:48.621769+00:00,75.92501401901245,0.5,0.6,92.0,25023.25,32760.0,205.298,65.0,15270.5791015625,24236.0,pynvml
2026-03-31T04:26:49.126697+00:00,76.4299373626709,0.5,0.6,67.0,25023.25,32760.0,197.244,62.0,10263.19189453125,24236.0,pynvml
2026-03-31T04:26:49.633315+00:00,76.93655467033386,0.5,0.5,98.0,25023.25,32760.0,212.195,61.0,12779.1982421875,24236.0,pynvml
2026-03-31T04:26:50.138241+00:00,77.44148111343384,0.5,0.6,98.0,25023.25,32760.0,205.906,63.0,12275.95654296875,24236.0,pynvml
2026-03-31T04:26:50.643308+00:00,77.94655132293701,0.5,0.6,68.0,25023.25,32760.0,200.971,66.0,16026.70703125,24236.0,pynvml
2026-03-31T04:26:51.149469+00:00,78.45271372795105,0.5,0.5,97.0,25023.25,32760.0,208.677,61.0,10200.9169921875,24236.0,pynvml
2026-03-31T04:26:51.655853+00:00,78.95910358428955,0.5,0.7,83.0,25023.25,32760.0,207.025,64.0,14867.40869140625,24236.0,pynvml
2026-03-31T04:26:52.161357+00:00,79.46460819244385,0.5,0.6,66.0,25023.25,32760.0,183.476,65.0,13365.333984375,24236.0,pynvml
2026-03-31T04:26:52.666710+00:00,79.96996116638184,0.5,0.6,98.0,25023.25,32760.0,200.96,61.0,10200.91162109375,24236.0,pynvml
2026-03-31T04:26:53.172174+00:00,80.47542524337769,0.5,0.6,98.0,25023.25,32760.0,202.297,61.0,12769.3154296875,24236.0,pynvml
2026-03-31T04:26:53.678333+00:00,80.98158431053162,0.5,0.6,72.0,25023.25,32760.0,198.886,63.0,12635.263671875,24236.0,pynvml
2026-03-31T04:26:54.183748+00:00,81.48699855804443,0.5,0.6,66.0,25023.25,32760.0,193.186,65.0,14282.857421875,24236.0,pynvml
2026-03-31T04:26:54.689205+00:00,81.99245524406433,0.5,0.5,98.0,25023.25,32760.0,203.721,61.0,10200.912109375,24236.0,pynvml
2026-03-31T04:26:55.194595+00:00,82.49783754348755,0.5,0.6,98.0,25023.25,32760.0,210.017,66.0,12765.00634765625,24236.0,pynvml
2026-03-31T04:26:55.699380+00:00,83.00262403488159,0.5,0.7,68.0,25023.25,32760.0,195.258,65.0,14164.1064453125,24236.0,pynvml
2026-03-31T04:26:56.204081+00:00,83.50732040405273,0.5,0.5,97.0,25023.25,32760.0,199.267,60.0,10182.4931640625,24236.0,pynvml
2026-03-31T04:26:56.708957+00:00,84.01220703125,0.5,0.6,100.0,25023.25,32760.0,209.486,65.0,12764.65087890625,24236.0,pynvml
2026-03-31T04:26:57.214228+00:00,84.51747179031372,0.5,0.6,68.0,25023.25,32760.0,205.486,65.0,12849.64990234375,24236.0,pynvml
2026-03-31T04:26:57.719147+00:00,85.02238988876343,0.5,0.6,70.0,25023.25,32760.0,198.602,65.0,13864.82861328125,24236.0,pynvml
2026-03-31T04:26:58.224270+00:00,85.52750754356384,0.5,0.5,97.0,25023.25,32760.0,203.943,60.0,10182.4931640625,24236.0,pynvml
2026-03-31T04:26:58.729013+00:00,86.0322630405426,0.5,0.6,98.0,25023.25,32760.0,216.954,65.0,12780.1787109375,24236.0,pynvml
2026-03-31T04:26:59.234456+00:00,86.53770112991333,0.5,0.7,55.0,25023.25,32760.0,200.183,65.0,14174.755859375,24236.0,pynvml
2026-03-31T04:26:59.739877+00:00,87.04311847686768,0.5,0.6,67.0,25023.25,32760.0,190.459,65.0,12010.72900390625,24236.0,pynvml
2026-03-31T04:27:00.244297+00:00,87.5475480556488,0.5,0.5,98.0,25023.25,32760.0,200.977,60.0,10200.91162109375,24236.0,pynvml
2026-03-31T04:27:00.749163+00:00,88.0524046421051,0.5,0.6,98.0,25023.25,32760.0,200.78,65.0,12781.76318359375,24236.0,pynvml
2026-03-31T04:27:01.254695+00:00,88.55794644355774,0.5,0.6,67.0,25023.25,32760.0,197.057,64.0,12671.88427734375,24236.0,pynvml
2026-03-31T04:27:01.759845+00:00,89.06308674812317,0.5,0.8,22.0,25023.25,32760.0,178.273,65.0,14399.6162109375,24236.0,pynvml
2026-03-31T04:27:02.264714+00:00,89.56795692443848,0.5,0.5,98.0,25023.25,32760.0,199.321,62.0,12764.80810546875,24236.0,pynvml
2026-03-31T04:27:02.770271+00:00,90.07352209091187,0.5,0.7,100.0,25023.25,32760.0,202.455,62.0,12578.76708984375,24236.0,pynvml
2026-03-31T04:27:03.275535+00:00,90.57878589630127,0.5,0.6,68.0,25023.25,32760.0,197.87,65.0,12616.01220703125,24236.0,pynvml
2026-03-31T04:27:03.780378+00:00,91.08361864089966,0.5,0.6,70.0,27459.25,32760.0,193.785,65.0,16664.6611328125,26672.0,pynvml
2026-03-31T04:27:04.285493+00:00,91.58873629570007,0.5,0.5,98.0,27577.25,32760.0,215.888,65.0,12774.185546875,26790.0,pynvml
2026-03-31T04:27:04.789975+00:00,92.09321808815002,0.5,0.6,65.0,27577.25,32760.0,214.132,65.0,15144.71142578125,26790.0,pynvml
2026-03-31T04:27:05.296023+00:00,92.59926652908325,0.5,0.6,97.0,27577.25,32760.0,210.971,61.0,10200.91162109375,26790.0,pynvml
2026-03-31T04:27:05.800278+00:00,93.10352230072021,0.5,0.6,98.0,27577.25,32760.0,211.579,61.0,12762.64501953125,26790.0,pynvml
2026-03-31T04:27:06.305028+00:00,93.6082718372345,0.5,0.6,66.0,27577.25,32760.0,196.96,63.0,14157.27783203125,26790.0,pynvml
2026-03-31T04:27:06.810098+00:00,94.1133382320404,0.5,0.6,68.0,27577.25,32760.0,190.162,64.0,13870.88916015625,26790.0,pynvml
2026-03-31T04:27:07.315926+00:00,94.61916971206665,0.5,0.5,97.0,27577.25,32760.0,202.099,60.0,10200.91357421875,26790.0,pynvml
2026-03-31T04:27:07.820551+00:00,95.12379384040833,0.5,0.6,98.0,27577.25,32760.0,214.395,65.0,12774.85009765625,26790.0,pynvml
2026-03-31T04:27:08.325425+00:00,95.62866926193237,0.5,0.6,100.0,27577.25,32760.0,203.136,64.0,12425.29541015625,26790.0,pynvml
2026-03-31T04:27:08.831320+00:00,96.1345784664154,0.5,0.6,69.0,27577.25,32760.0,197.634,65.0,14744.0830078125,26790.0,pynvml
2026-03-31T04:27:09.336790+00:00,96.64004015922546,0.5,0.5,97.0,27577.25,32760.0,202.344,60.0,10200.9111328125,26790.0,pynvml
2026-03-31T04:27:09.841906+00:00,97.14515662193298,0.5,0.6,98.0,27577.25,32760.0,213.833,60.0,10200.912109375,26790.0,pynvml
2026-03-31T04:27:10.346177+00:00,97.64942145347595,0.5,0.6,98.0,27577.25,32760.0,201.608,64.0,12539.75146484375,26790.0,pynvml
2026-03-31T04:27:10.850865+00:00,98.15410709381104,0.5,0.6,70.0,27577.25,32760.0,199.752,65.0,15339.705078125,26790.0,pynvml
2026-03-31T04:27:11.355417+00:00,98.65866136550903,0.5,0.5,97.0,27577.25,32760.0,203.476,60.0,10200.9150390625,26790.0,pynvml
2026-03-31T04:27:11.859292+00:00,99.16253328323364,0.5,0.6,100.0,27577.25,32760.0,213.945,65.0,12778.7314453125,26790.0,pynvml
2026-03-31T04:27:12.364464+00:00,99.66771531105042,0.5,0.6,100.0,27577.25,32760.0,202.391,64.0,12542.42578125,26790.0,pynvml
2026-03-31T04:27:12.869487+00:00,100.17273378372192,0.5,0.6,67.0,27577.25,32760.0,198.663,65.0,15264.2666015625,26790.0,pynvml
2026-03-31T04:27:13.374762+00:00,100.67801260948181,0.5,0.5,97.0,27577.25,32760.0,209.391,61.0,10200.912109375,26790.0,pynvml
2026-03-31T04:27:13.879580+00:00,101.18282127380371,0.5,0.6,100.0,27577.25,32760.0,217.182,60.0,10200.9130859375,26790.0,pynvml
2026-03-31T04:27:14.384242+00:00,101.68748617172241,0.5,0.6,100.0,27577.25,32760.0,198.356,63.0,12540.03759765625,26790.0,pynvml
2026-03-31T04:27:14.889182+00:00,102.19242525100708,0.5,0.6,69.0,27577.25,32760.0,194.36,65.0,13302.810546875,26790.0,pynvml
2026-03-31T04:27:15.394120+00:00,102.69736433029175,0.5,0.6,75.0,27577.25,32760.0,193.751,64.0,12921.7041015625,26790.0,pynvml
2026-03-31T04:27:15.898689+00:00,103.20193028450012,0.5,0.5,98.0,27577.25,32760.0,205.685,60.0,10200.91650390625,26790.0,pynvml
2026-03-31T04:27:16.404143+00:00,103.70738554000854,0.5,0.6,98.0,27577.25,32760.0,202.429,60.0,10200.91259765625,26790.0,pynvml
2026-03-31T04:27:16.912198+00:00,104.21544289588928,0.5,0.6,98.0,27577.25,32760.0,200.358,63.0,13353.3935546875,26790.0,pynvml
2026-03-31T04:27:17.416994+00:00,104.72023725509644,0.5,0.6,66.0,27577.25,32760.0,196.674,65.0,15170.8955078125,26790.0,pynvml
2026-03-31T04:27:17.921611+00:00,105.22485423088074,0.5,0.5,97.0,27577.25,32760.0,206.121,61.0,10200.912109375,26790.0,pynvml
2026-03-31T04:27:18.426406+00:00,105.72964811325073,0.5,0.6,100.0,27577.25,32760.0,218.959,63.0,14661.03271484375,26790.0,pynvml
2026-03-31T04:27:18.930854+00:00,106.23409652709961,0.5,0.6,69.0,27577.25,32760.0,197.495,64.0,12257.81103515625,26790.0,pynvml
2026-03-31T04:27:19.435244+00:00,106.73848509788513,0.5,0.6,98.0,27577.25,32760.0,203.163,60.0,10200.91259765625,26790.0,pynvml
2026-03-31T04:27:19.939677+00:00,107.24291920661926,0.5,0.6,97.0,27577.25,32760.0,202.51,65.0,12778.73095703125,26790.0,pynvml
2026-03-31T04:27:20.444289+00:00,107.74753189086914,0.5,0.6,69.0,27577.25,32760.0,196.657,65.0,16026.705078125,26790.0,pynvml
2026-03-31T04:27:20.949924+00:00,108.25316739082336,0.5,0.5,97.0,27577.25,32760.0,204.102,60.0,10200.9150390625,26790.0,pynvml
2026-03-31T04:27:21.455511+00:00,108.75875425338745,0.5,0.6,100.0,27577.25,32760.0,213.674,64.0,14106.23388671875,26790.0,pynvml
2026-03-31T04:27:21.960182+00:00,109.26342487335205,0.5,0.6,69.0,27727.25,32760.0,194.626,65.0,11313.35205078125,26940.0,pynvml
2026-03-31T04:27:22.464557+00:00,109.76779770851135,0.5,0.6,96.0,27735.25,32760.0,198.837,63.0,11423.912109375,26946.0,pynvml
2026-03-31T04:27:22.969672+00:00,110.27291321754456,0.5,0.5,97.0,27735.25,32760.0,203.453,60.0,10200.91455078125,26946.0,pynvml
2026-03-31T04:27:23.474242+00:00,110.77748441696167,0.5,0.6,87.0,27735.25,32760.0,203.485,65.0,12765.11865234375,26946.0,pynvml
2026-03-31T04:27:23.979156+00:00,111.28239965438843,0.5,0.6,83.0,27735.25,32760.0,199.579,65.0,15919.552734375,26946.0,pynvml
2026-03-31T04:27:24.484197+00:00,111.78743934631348,0.5,0.5,100.0,27735.25,32760.0,204.792,60.0,10200.9150390625,26946.0,pynvml
2026-03-31T04:27:24.989142+00:00,112.2923846244812,0.5,0.6,97.0,27735.25,32760.0,211.75,65.0,12774.51611328125,26946.0,pynvml
2026-03-31T04:27:25.494331+00:00,112.79757404327393,0.5,0.6,69.0,27735.25,32760.0,195.002,64.0,12740.42041015625,26946.0,pynvml
2026-03-31T04:27:26.000321+00:00,113.30356526374817,0.5,0.6,68.0,27735.25,32760.0,190.484,65.0,15162.828125,26946.0,pynvml
2026-03-31T04:27:26.510938+00:00,113.81418132781982,0.5,0.5,97.0,27735.25,32760.0,200.996,60.0,10200.9169921875,26946.0,pynvml
2026-03-31T04:27:27.016942+00:00,114.32018446922302,0.5,0.6,100.0,27735.25,32760.0,212.064,65.0,12775.2578125,26946.0,pynvml
2026-03-31T04:27:27.521770+00:00,114.82501316070557,0.5,0.6,93.0,27735.25,32760.0,196.347,65.0,14112.5185546875,26946.0,pynvml
2026-03-31T04:27:28.026503+00:00,115.32974457740784,0.5,0.6,97.0,27735.25,32760.0,192.992,62.0,10293.0693359375,26946.0,pynvml
2026-03-31T04:27:28.532070+00:00,115.8353214263916,0.5,0.5,96.0,27735.25,32760.0,209.125,60.0,10200.91357421875,26946.0,pynvml
2026-03-31T04:27:29.037690+00:00,116.34094047546387,0.5,0.6,98.0,27735.25,32760.0,203.241,63.0,12718.1572265625,26946.0,pynvml
2026-03-31T04:27:29.543443+00:00,116.8466866016388,0.5,0.6,69.0,27735.25,32760.0,197.186,65.0,13205.29736328125,26946.0,pynvml
2026-03-31T04:27:30.048672+00:00,117.35191202163696,0.5,0.6,97.0,27735.25,32760.0,191.545,64.0,12260.18115234375,26946.0,pynvml
2026-03-31T04:27:30.553079+00:00,117.85631990432739,0.5,0.5,97.0,27735.25,32760.0,203.628,60.0,10200.912109375,26946.0,pynvml
2026-03-31T04:27:31.057812+00:00,118.36105513572693,0.5,0.6,100.0,27735.25,32760.0,200.705,65.0,12771.59375,26946.0,pynvml
2026-03-31T04:27:31.563278+00:00,118.86652112007141,0.5,0.6,71.0,27735.25,32760.0,196.984,65.0,13814.3955078125,26946.0,pynvml
2026-03-31T04:27:32.068221+00:00,119.37146139144897,0.5,0.6,97.0,27735.25,32760.0,201.046,63.0,11519.33447265625,26946.0,pynvml
2026-03-31T04:27:32.572963+00:00,119.87620496749878,0.5,0.6,97.0,27735.25,32760.0,214.413,65.0,12764.40869140625,26946.0,pynvml
2026-03-31T04:27:33.078269+00:00,120.38151240348816,0.5,0.6,70.0,27735.25,32760.0,205.86,65.0,15313.4755859375,26946.0,pynvml
2026-03-31T04:27:33.583903+00:00,120.88714575767517,0.5,0.6,97.0,27735.25,32760.0,204.833,59.0,10182.4931640625,26946.0,pynvml
2026-03-31T04:27:34.089284+00:00,121.39252591133118,0.5,0.6,100.0,27735.25,32760.0,212.922,65.0,12763.41552734375,26946.0,pynvml
2026-03-31T04:27:34.594590+00:00,121.89783334732056,0.5,0.6,71.0,27735.25,32760.0,203.253,65.0,15109.8251953125,26946.0,pynvml
2026-03-31T04:27:35.100894+00:00,122.40415048599243,0.5,0.5,97.0,27735.25,32760.0,208.005,60.0,10219.6650390625,26946.0,pynvml
2026-03-31T04:27:35.606842+00:00,122.9100935459137,0.5,0.7,100.0,27735.25,32760.0,194.623,63.0,12408.154296875,26946.0,pynvml
2026-03-31T04:27:36.112724+00:00,123.41597509384155,0.5,0.6,100.0,27735.25,32760.0,183.539,65.0,14058.1884765625,26946.0,pynvml
2026-03-31T04:27:36.617756+00:00,123.92100119590759,0.5,0.6,97.0,27735.25,32760.0,190.471,64.0,13539.20703125,26946.0,pynvml
2026-03-31T04:27:37.124002+00:00,124.42725276947021,0.5,0.5,97.0,27735.25,32760.0,206.603,60.0,10200.9140625,26946.0,pynvml
2026-03-31T04:27:37.628845+00:00,124.9320900440216,0.5,0.6,100.0,27735.25,32760.0,205.901,62.0,13699.8486328125,26946.0,pynvml
2026-03-31T04:27:38.133373+00:00,125.43661665916443,0.5,0.6,63.0,27735.25,32760.0,194.867,64.0,11787.7783203125,26946.0,pynvml
2026-03-31T04:27:38.638169+00:00,125.94140911102295,0.5,0.6,95.0,27735.25,32760.0,194.572,60.0,10325.193359375,26946.0,pynvml
2026-03-31T04:27:39.143621+00:00,126.44686627388,0.5,0.5,97.0,27735.25,32760.0,205.696,60.0,10200.91259765625,26946.0,pynvml
2026-03-31T04:27:39.648387+00:00,126.95162963867188,0.5,0.7,73.0,27735.25,32760.0,200.876,64.0,14769.6748046875,26946.0,pynvml
2026-03-31T04:27:40.153269+00:00,127.4565122127533,0.5,0.6,67.0,27735.25,32760.0,189.903,64.0,12554.0576171875,26946.0,pynvml
2026-03-31T04:27:40.658057+00:00,127.96129941940308,0.5,0.5,96.0,27735.25,32760.0,202.066,60.0,10200.9130859375,26946.0,pynvml
2026-03-31T04:27:41.163663+00:00,128.4669144153595,0.5,0.7,98.0,27735.25,32760.0,201.537,64.0,13301.09619140625,26946.0,pynvml
2026-03-31T04:27:41.669089+00:00,128.97233271598816,0.5,0.6,92.0,27735.25,32760.0,196.283,64.0,13755.12353515625,26946.0,pynvml
2026-03-31T04:27:42.174046+00:00,129.47728633880615,0.5,0.5,97.0,27735.25,32760.0,204.003,60.0,10182.4931640625,26946.0,pynvml
2026-03-31T04:27:42.678534+00:00,129.9817762374878,0.5,0.6,97.0,27735.25,32760.0,207.132,60.0,10200.90966796875,26946.0,pynvml
2026-03-31T04:27:43.184227+00:00,130.487478017807,0.5,0.6,95.0,27735.25,32760.0,196.237,64.0,12769.77197265625,26946.0,pynvml
2026-03-31T04:27:43.688953+00:00,130.9921932220459,0.5,0.6,67.0,27735.25,32760.0,194.779,62.0,12215.65771484375,26946.0,pynvml
2026-03-31T04:27:44.193731+00:00,131.49697470664978,0.5,0.6,71.0,27735.25,32760.0,193.082,65.0,15099.7548828125,26946.0,pynvml
2026-03-31T04:27:44.698953+00:00,132.00219631195068,0.5,0.5,98.0,27735.25,32760.0,201.946,60.0,10200.9150390625,26946.0,pynvml
2026-03-31T04:27:45.204449+00:00,132.50769209861755,0.5,0.6,97.0,27735.25,32760.0,212.416,65.0,12776.58154296875,26946.0,pynvml
2026-03-31T04:27:45.709414+00:00,133.0126576423645,0.5,0.6,100.0,27735.25,32760.0,205.536,65.0,15035.25244140625,26946.0,pynvml
2026-03-31T04:27:46.215035+00:00,133.51827478408813,0.5,0.6,97.0,27735.25,32760.0,199.269,62.0,10852.24609375,26946.0,pynvml
2026-03-31T04:27:46.720067+00:00,134.0233120918274,0.5,0.5,97.0,27735.25,32760.0,213.213,65.0,12764.4130859375,26946.0,pynvml
2026-03-31T04:27:47.225432+00:00,134.52867579460144,0.5,0.6,67.0,27735.25,32760.0,207.353,65.0,13693.72802734375,26946.0,pynvml
2026-03-31T04:27:47.730536+00:00,135.03377985954285,0.5,0.6,71.0,27735.25,32760.0,198.021,64.0,16202.26904296875,26946.0,pynvml
2026-03-31T04:27:48.235771+00:00,135.53901386260986,0.5,0.5,98.0,27735.25,32760.0,211.862,65.0,12761.30419921875,26946.0,pynvml
2026-03-31T04:27:48.741062+00:00,136.04430556297302,0.5,0.6,100.0,27735.25,32760.0,210.197,63.0,12643.80712890625,26946.0,pynvml
2026-03-31T04:27:49.245744+00:00,136.548987865448,0.5,0.6,71.0,27735.25,32760.0,199.44,65.0,12634.4814453125,26946.0,pynvml
2026-03-31T04:27:49.751200+00:00,137.054443359375,0.5,0.6,69.0,27735.25,32760.0,194.197,64.0,14923.58349609375,26946.0,pynvml
2026-03-31T04:27:50.256869+00:00,137.5601122379303,0.5,0.5,98.0,27735.25,32760.0,217.061,61.0,12761.24365234375,26946.0,pynvml
2026-03-31T04:27:50.762274+00:00,138.06551384925842,0.5,0.6,100.0,27735.25,32760.0,209.758,62.0,13963.1611328125,26946.0,pynvml
2026-03-31T04:27:51.267604+00:00,138.57084774971008,0.5,0.6,94.0,27735.25,32760.0,198.685,65.0,15993.560546875,26946.0,pynvml
2026-03-31T04:27:51.772553+00:00,139.07579636573792,0.5,0.5,100.0,27735.25,32760.0,210.64,61.0,12767.029296875,26946.0,pynvml
2026-03-31T04:27:52.278231+00:00,139.5814733505249,0.5,0.6,70.0,27735.25,32760.0,208.084,63.0,14133.84716796875,26946.0,pynvml
2026-03-31T04:27:52.784982+00:00,140.0882260799408,0.5,0.6,69.0,27735.25,32760.0,195.576,64.0,12542.13818359375,26946.0,pynvml
2026-03-31T04:27:53.290179+00:00,140.59341955184937,0.5,0.6,95.0,27735.25,32760.0,201.886,62.0,10231.5380859375,26946.0,pynvml
2026-03-31T04:27:53.796144+00:00,141.09939074516296,0.5,0.5,98.0,27735.25,32760.0,207.081,60.0,10200.91357421875,26946.0,pynvml
2026-03-31T04:27:54.302013+00:00,141.60526394844055,0.5,0.6,98.0,27735.25,32760.0,205.865,64.0,12789.01708984375,26946.0,pynvml
2026-03-31T04:27:54.807128+00:00,142.11037230491638,0.5,0.9,67.0,27735.25,32760.0,196.486,65.0,11919.37744140625,26946.0,pynvml
2026-03-31T04:27:55.315032+00:00,142.61827278137207,0.5,0.6,67.0,27735.25,32760.0,190.146,64.0,14116.2958984375,26946.0,pynvml
2026-03-31T04:27:55.820578+00:00,143.12382197380066,0.5,0.5,97.0,27735.25,32760.0,200.443,60.0,10200.92041015625,26946.0,pynvml
2026-03-31T04:27:56.325616+00:00,143.62885808944702,0.5,0.6,97.0,27735.25,32760.0,211.322,65.0,12779.10498046875,26946.0,pynvml
2026-03-31T04:27:56.830705+00:00,144.13394784927368,0.5,0.6,68.0,27735.25,32760.0,197.056,64.0,14081.880859375,26946.0,pynvml
2026-03-31T04:27:57.343090+00:00,144.64633202552795,0.5,0.6,69.0,27735.25,32760.0,189.268,65.0,11690.13330078125,26946.0,pynvml
2026-03-31T04:27:57.848207+00:00,145.15144896507263,0.5,0.6,94.0,27735.25,32760.0,198.829,58.0,10200.9111328125,26946.0,pynvml
2026-03-31T04:27:58.353462+00:00,145.65670490264893,0.5,0.6,95.0,27735.25,32760.0,196.874,60.0,10200.91162109375,26946.0,pynvml
2026-03-31T04:27:58.858876+00:00,146.1621174812317,0.5,0.6,100.0,27735.25,32760.0,199.152,62.0,12766.40576171875,26946.0,pynvml
2026-03-31T04:27:59.363349+00:00,146.66658926010132,0.5,0.6,98.0,27735.25,32760.0,197.421,62.0,12671.46875,26946.0,pynvml
2026-03-31T04:27:59.867963+00:00,147.17120599746704,0.5,0.6,69.0,27735.25,32760.0,191.806,64.0,13727.2822265625,26946.0,pynvml
2026-03-31T04:28:00.372767+00:00,147.67600750923157,0.5,0.6,97.0,27735.25,32760.0,201.054,58.0,10182.4931640625,26946.0,pynvml
2026-03-31T04:28:00.878435+00:00,148.18167781829834,0.5,0.6,97.0,27735.25,32760.0,210.33,60.0,10200.90966796875,26946.0,pynvml
2026-03-31T04:28:01.383154+00:00,148.68639874458313,0.5,0.6,100.0,27735.25,32760.0,199.333,63.0,12730.94482421875,26946.0,pynvml
2026-03-31T04:28:01.888557+00:00,149.1918077468872,0.5,0.6,86.0,27735.25,32760.0,195.723,64.0,15878.17236328125,26946.0,pynvml
2026-03-31T04:28:02.394478+00:00,149.69772815704346,0.5,0.5,100.0,27735.25,32760.0,205.523,60.0,10200.91259765625,26946.0,pynvml
2026-03-31T04:28:02.900881+00:00,150.20413756370544,0.5,0.7,100.0,27735.25,32760.0,208.579,63.0,15015.68359375,26946.0,pynvml
2026-03-31T04:28:03.406045+00:00,150.70928764343262,0.5,0.6,96.0,27735.25,32760.0,186.365,65.0,13163.39111328125,26946.0,pynvml
2026-03-31T04:28:03.920641+00:00,151.22389268875122,0.5,0.5,98.0,27735.25,32760.0,207.465,60.0,10200.912109375,26946.0,pynvml
2026-03-31T04:28:04.426850+00:00,151.73010063171387,0.5,0.6,100.0,27735.25,32760.0,206.397,63.0,13274.697265625,26946.0,pynvml
2026-03-31T04:28:04.931840+00:00,152.23508405685425,0.5,0.6,70.0,27735.25,32760.0,202.804,65.0,13993.353515625,26946.0,pynvml
2026-03-31T04:28:05.436696+00:00,152.73993563652039,0.5,0.5,97.0,27735.25,32760.0,204.145,60.0,10200.9150390625,26946.0,pynvml
2026-03-31T04:28:05.940993+00:00,153.24423551559448,0.5,0.7,97.0,27735.25,32760.0,200.673,65.0,12764.98388671875,26946.0,pynvml
2026-03-31T04:28:06.446011+00:00,153.74925446510315,0.5,0.6,72.0,27735.25,32760.0,189.312,64.0,13185.7294921875,26946.0,pynvml
2026-03-31T04:28:06.950765+00:00,154.25400733947754,0.5,0.7,48.0,27735.25,32760.0,187.76,64.0,13251.427734375,26946.0,pynvml
2026-03-31T04:28:07.455696+00:00,154.758939743042,0.5,0.5,97.0,27735.25,32760.0,198.91,60.0,10200.916015625,26946.0,pynvml
2026-03-31T04:28:07.960028+00:00,155.26326894760132,0.5,0.6,100.0,27735.25,32760.0,198.335,63.0,13644.17529296875,26946.0,pynvml
2026-03-31T04:28:08.465508+00:00,155.76874995231628,0.5,0.6,97.0,27735.25,32760.0,194.826,64.0,15220.4140625,26946.0,pynvml
2026-03-31T04:28:08.970342+00:00,156.27358198165894,0.5,0.5,97.0,27735.25,32760.0,210.224,61.0,12762.25537109375,26946.0,pynvml
2026-03-31T04:28:09.475304+00:00,156.77854347229004,0.5,0.6,72.0,27735.25,32760.0,205.729,62.0,12664.71337890625,26946.0,pynvml
2026-03-31T04:28:09.980195+00:00,157.28344535827637,0.5,0.6,71.0,27735.25,32760.0,198.846,64.0,14982.03125,26946.0,pynvml
2026-03-31T04:28:10.485951+00:00,157.78920245170593,0.5,0.5,98.0,27735.25,32760.0,209.174,60.0,10200.9150390625,26946.0,pynvml
2026-03-31T04:28:10.992098+00:00,158.29534244537354,0.5,0.7,100.0,27735.25,32760.0,203.22,63.0,16105.80078125,26946.0,pynvml
2026-03-31T04:28:11.497143+00:00,158.80038785934448,0.5,0.6,70.0,27735.25,32760.0,187.617,58.0,10182.4931640625,26946.0,pynvml
2026-03-31T04:28:12.002550+00:00,159.30580067634583,0.5,0.6,97.0,27735.25,32760.0,211.599,65.0,12762.54833984375,26946.0,pynvml
2026-03-31T04:28:12.507482+00:00,159.81072354316711,0.5,0.6,100.0,27735.25,32760.0,206.197,65.0,14847.45751953125,26946.0,pynvml
2026-03-31T04:28:13.012802+00:00,160.3160433769226,0.5,0.6,97.0,27735.25,32760.0,194.968,64.0,13140.96337890625,26946.0,pynvml
2026-03-31T04:28:13.518868+00:00,160.82211899757385,0.5,0.5,97.0,27735.25,32760.0,206.996,60.0,10200.9150390625,26946.0,pynvml
2026-03-31T04:28:14.023278+00:00,161.32652163505554,0.5,0.6,100.0,27735.25,32760.0,204.567,63.0,13628.6025390625,26946.0,pynvml
2026-03-31T04:28:14.529200+00:00,161.83244967460632,0.5,0.6,69.0,27735.25,32760.0,198.124,65.0,15106.54296875,26946.0,pynvml
2026-03-31T04:28:15.034811+00:00,162.33805203437805,0.5,0.5,97.0,27735.25,32760.0,211.115,60.0,10200.9140625,26946.0,pynvml
2026-03-31T04:28:15.539721+00:00,162.84296369552612,0.5,0.6,100.0,27735.25,32760.0,212.757,63.0,13470.30517578125,26946.0,pynvml
2026-03-31T04:28:16.044595+00:00,163.34784150123596,0.5,0.7,88.0,27735.25,32760.0,186.555,64.0,13599.17431640625,26946.0,pynvml
2026-03-31T04:28:16.550651+00:00,163.8539011478424,0.5,0.5,97.0,27735.25,32760.0,198.363,60.0,10200.9130859375,26946.0,pynvml
2026-03-31T04:28:17.056056+00:00,164.35929703712463,0.5,0.6,78.0,27735.25,32760.0,196.44,63.0,15082.05224609375,26946.0,pynvml
2026-03-31T04:28:17.560675+00:00,164.86391496658325,0.5,0.7,71.0,27735.25,32760.0,190.94,62.0,11242.87255859375,26946.0,pynvml
2026-03-31T04:28:18.065663+00:00,165.36890625953674,0.5,0.5,97.0,27735.25,32760.0,203.653,64.0,12765.07470703125,26946.0,pynvml
2026-03-31T04:28:18.571281+00:00,165.87452387809753,0.5,0.6,72.0,27735.25,32760.0,200.178,65.0,14602.82568359375,26946.0,pynvml
2026-03-31T04:28:19.076120+00:00,166.37935996055603,0.5,0.6,97.0,27735.25,32760.0,206.552,64.0,12922.072265625,26946.0,pynvml
2026-03-31T04:28:19.581281+00:00,166.8845226764679,0.5,0.5,98.0,27735.25,32760.0,215.469,60.0,10200.91064453125,26946.0,pynvml
2026-03-31T04:28:20.086066+00:00,167.38931393623352,0.5,0.6,72.0,27735.25,32760.0,205.783,63.0,12721.78564453125,26946.0,pynvml
2026-03-31T04:28:20.592579+00:00,167.8958296775818,0.5,0.6,66.0,27735.25,32760.0,201.469,65.0,14033.1484375,26946.0,pynvml
2026-03-31T04:28:21.098159+00:00,168.40140533447266,0.5,0.5,82.0,27735.25,32760.0,199.293,59.0,10182.4931640625,26946.0,pynvml
2026-03-31T04:28:21.603491+00:00,168.90675139427185,0.5,0.6,97.0,27735.25,32760.0,210.224,60.0,10200.91357421875,26946.0,pynvml
2026-03-31T04:28:22.108889+00:00,169.41213631629944,0.5,0.6,98.0,27735.25,32760.0,200.875,64.0,12718.51171875,26946.0,pynvml
2026-03-31T04:28:22.614118+00:00,169.9173698425293,0.5,0.6,68.0,27735.25,32760.0,199.448,65.0,14016.3310546875,26946.0,pynvml
2026-03-31T04:28:23.119436+00:00,170.42267680168152,0.5,0.6,68.0,27735.25,32760.0,194.523,64.0,14398.76611328125,26946.0,pynvml
2026-03-31T04:28:23.625153+00:00,170.92840313911438,0.5,0.5,97.0,27735.25,32760.0,215.07,65.0,12764.4140625,26946.0,pynvml
2026-03-31T04:28:24.131298+00:00,171.43454813957214,0.5,0.6,100.0,27735.25,32760.0,210.081,65.0,15815.478515625,26946.0,pynvml
2026-03-31T04:28:24.642397+00:00,171.94563937187195,0.5,0.6,97.0,27735.25,32760.0,207.589,59.0,10182.4931640625,26946.0,pynvml
2026-03-31T04:28:25.148011+00:00,172.4512550830841,0.5,0.6,98.0,27735.25,32760.0,212.157,62.0,12773.26220703125,26946.0,pynvml
2026-03-31T04:28:25.653466+00:00,172.9567093849182,0.5,0.6,68.0,27735.25,32760.0,201.868,63.0,14003.06298828125,26946.0,pynvml
2026-03-31T04:28:26.159534+00:00,173.46277737617493,0.5,0.6,68.0,27735.25,32760.0,194.705,65.0,13989.826171875,26946.0,pynvml
2026-03-31T04:28:26.664573+00:00,173.9678144454956,0.5,0.5,97.0,27735.25,32760.0,203.11,60.0,10200.9150390625,26946.0,pynvml
2026-03-31T04:28:27.170223+00:00,174.47348713874817,0.5,0.6,98.0,27735.25,32760.0,204.93,60.0,10200.912109375,26946.0,pynvml
2026-03-31T04:28:27.675510+00:00,174.9787621498108,0.5,0.6,88.0,27735.25,32760.0,196.029,64.0,12768.46826171875,26946.0,pynvml
2026-03-31T04:28:28.180372+00:00,175.4836139678955,0.5,0.6,88.0,27735.25,32760.0,196.758,62.0,12277.9189453125,26946.0,pynvml
2026-03-31T04:28:28.690425+00:00,175.99367690086365,0.5,0.6,85.0,27735.25,32760.0,195.676,64.0,12757.8212890625,26946.0,pynvml
2026-03-31T04:28:29.196735+00:00,176.49997663497925,0.5,0.6,85.0,27735.25,32760.0,193.159,66.0,14962.83203125,26946.0,pynvml
2026-03-31T04:28:29.701684+00:00,177.00493025779724,0.5,0.5,100.0,27735.25,32760.0,214.09,61.0,12768.9365234375,26946.0,pynvml
2026-03-31T04:28:30.207186+00:00,177.51042890548706,0.5,0.6,90.0,27735.25,32760.0,213.077,62.0,12746.4267578125,26946.0,pynvml
2026-03-31T04:28:30.712307+00:00,178.01556158065796,0.5,0.6,68.0,27735.25,32760.0,196.385,64.0,15339.70703125,26946.0,pynvml
2026-03-31T04:28:31.218976+00:00,178.522221326828,0.5,0.5,98.0,27735.25,32760.0,207.293,60.0,10200.9169921875,26946.0,pynvml
2026-03-31T04:28:31.723981+00:00,179.02722358703613,0.5,0.6,100.0,27735.25,32760.0,218.612,63.0,13542.68408203125,26946.0,pynvml
2026-03-31T04:28:32.229008+00:00,179.53224992752075,0.5,0.6,88.0,27735.25,32760.0,200.603,65.0,12487.8203125,26946.0,pynvml
2026-03-31T04:28:32.734548+00:00,180.03779125213623,0.5,0.6,90.0,27735.25,32760.0,200.306,59.0,10277.75634765625,26946.0,pynvml
2026-03-31T04:28:33.240916+00:00,180.54415726661682,0.5,0.5,97.0,27735.25,32760.0,208.734,60.0,10200.9130859375,26946.0,pynvml
2026-03-31T04:28:33.746073+00:00,181.04931569099426,0.5,0.6,100.0,27735.25,32760.0,203.498,63.0,12719.021484375,26946.0,pynvml
2026-03-31T04:28:34.252724+00:00,181.55597519874573,0.5,0.6,68.0,27735.25,32760.0,197.515,65.0,12555.9140625,26946.0,pynvml
2026-03-31T04:28:34.758489+00:00,182.06174063682556,0.5,0.6,69.0,27735.25,32760.0,192.096,65.0,15393.5625,26946.0,pynvml
2026-03-31T04:28:35.264462+00:00,182.56770658493042,0.5,0.5,98.0,27735.25,32760.0,215.671,60.0,10200.9169921875,26946.0,pynvml
2026-03-31T04:28:35.770474+00:00,183.07373356819153,0.5,0.6,100.0,27735.25,32760.0,212.202,65.0,12780.56884765625,26946.0,pynvml
2026-03-31T04:28:36.276737+00:00,183.57998156547546,0.5,0.7,48.0,27735.25,32760.0,190.067,64.0,15212.3046875,26946.0,pynvml
2026-03-31T04:28:36.781705+00:00,184.0849461555481,0.5,0.5,97.0,27735.25,32760.0,192.442,60.0,10225.9169921875,26946.0,pynvml
2026-03-31T04:28:37.287971+00:00,184.59122681617737,0.5,0.6,97.0,27735.25,32760.0,211.545,65.0,12838.248046875,26946.0,pynvml
2026-03-31T04:28:37.793701+00:00,185.09694361686707,0.5,0.6,66.0,27735.25,32760.0,200.948,65.0,12533.7578125,26946.0,pynvml
2026-03-31T04:28:38.299159+00:00,185.60240387916565,0.5,0.6,70.0,27735.25,32760.0,195.981,66.0,12267.755859375,26946.0,pynvml
2026-03-31T04:28:38.804454+00:00,186.10769391059875,0.5,0.6,97.0,27735.25,32760.0,196.523,62.0,10592.32666015625,26946.0,pynvml
2026-03-31T04:28:39.309057+00:00,186.61229920387268,0.5,0.5,97.0,27735.25,32760.0,200.766,60.0,10200.91064453125,26946.0,pynvml
2026-03-31T04:28:39.813765+00:00,187.11701035499573,0.5,0.6,100.0,27735.25,32760.0,200.893,64.0,13007.798828125,26946.0,pynvml
2026-03-31T04:28:40.318413+00:00,187.62165546417236,0.5,0.6,70.0,27735.25,32760.0,201.457,65.0,14011.240234375,26946.0,pynvml
2026-03-31T04:28:40.823424+00:00,188.1266644001007,0.5,0.5,97.0,27735.25,32760.0,204.779,59.0,10182.4931640625,26946.0,pynvml
2026-03-31T04:28:41.336176+00:00,188.63942670822144,0.5,0.6,97.0,27735.25,32760.0,216.495,61.0,12772.12353515625,26946.0,pynvml
2026-03-31T04:28:41.842749+00:00,189.14600038528442,0.5,0.9,55.0,27735.25,32760.0,201.652,62.0,12629.724609375,26946.0,pynvml
2026-03-31T04:28:42.348333+00:00,189.65158319473267,0.5,0.6,68.0,27735.25,32760.0,195.379,65.0,15117.76220703125,26946.0,pynvml
2026-03-31T04:28:42.854670+00:00,190.15791034698486,0.5,0.6,98.0,27735.25,32760.0,206.531,60.0,10200.91455078125,26946.0,pynvml
2026-03-31T04:28:43.360202+00:00,190.66344714164734,0.5,0.7,100.0,27735.25,32760.0,210.858,63.0,13276.5654296875,26946.0,pynvml
2026-03-31T04:28:43.865541+00:00,191.16878247261047,0.5,0.7,97.0,27735.25,32760.0,188.352,65.0,14059.88525390625,26946.0,pynvml
2026-03-31T04:28:44.370162+00:00,191.6734025478363,0.5,0.6,97.0,27735.25,32760.0,205.161,60.0,10200.91162109375,26946.0,pynvml
2026-03-31T04:28:44.876780+00:00,192.18002200126648,0.5,0.6,100.0,27735.25,32760.0,204.664,65.0,12769.00927734375,26946.0,pynvml
2026-03-31T04:28:45.381704+00:00,192.6849446296692,0.5,0.6,71.0,27735.25,32760.0,204.09,65.0,13885.49951171875,26946.0,pynvml
2026-03-31T04:28:45.908660+00:00,193.21190071105957,0.5,0.6,69.0,27735.25,32760.0,197.872,62.0,10263.19189453125,26946.0,pynvml
2026-03-31T04:28:46.414066+00:00,193.71730852127075,0.5,0.6,97.0,27735.25,32760.0,206.484,60.0,10200.9111328125,26946.0,pynvml
2026-03-31T04:28:46.918758+00:00,194.22199821472168,0.5,0.6,97.0,27735.25,32760.0,200.815,65.0,12794.83740234375,26946.0,pynvml
2026-03-31T04:28:47.423693+00:00,194.72693634033203,0.5,0.6,68.0,27735.25,32760.0,196.768,65.0,14302.02490234375,26946.0,pynvml
2026-03-31T04:28:47.929620+00:00,195.23286628723145,0.5,0.6,84.0,27735.25,32760.0,197.627,59.0,10182.4931640625,26946.0,pynvml
2026-03-31T04:28:48.434268+00:00,195.73751091957092,0.5,0.6,97.0,27735.25,32760.0,206.187,65.0,12774.32421875,26946.0,pynvml
2026-03-31T04:28:48.939722+00:00,196.2429656982422,0.5,0.6,100.0,27735.25,32760.0,196.569,64.0,15130.4375,26946.0,pynvml
2026-03-31T04:28:49.444609+00:00,196.74784922599792,0.5,0.6,97.0,27735.25,32760.0,201.216,63.0,11797.56982421875,26946.0,pynvml
2026-03-31T04:28:49.949695+00:00,197.25293731689453,0.5,0.5,97.0,27735.25,32760.0,213.039,60.0,10200.9140625,26946.0,pynvml
2026-03-31T04:28:50.453895+00:00,197.7571358680725,0.5,0.6,71.0,27735.25,32760.0,204.354,63.0,12930.859375,26946.0,pynvml
2026-03-31T04:28:50.959970+00:00,198.2632131576538,0.5,0.6,71.0,27735.25,32760.0,197.162,64.0,11975.83837890625,26946.0,pynvml
2026-03-31T04:28:51.465556+00:00,198.76879906654358,0.5,0.6,95.0,27735.25,32760.0,195.593,64.0,14795.60791015625,26946.0,pynvml
2026-03-31T04:28:51.971142+00:00,199.27438139915466,0.5,0.5,97.0,27735.25,32760.0,206.048,61.0,12769.3828125,26946.0,pynvml
2026-03-31T04:28:52.475512+00:00,199.7787528038025,0.5,0.6,68.0,27735.25,32760.0,210.932,63.0,12304.2412109375,26946.0,pynvml
2026-03-31T04:28:52.980892+00:00,200.2841351032257,0.5,0.6,68.0,27735.25,32760.0,197.536,65.0,16498.3583984375,26946.0,pynvml
2026-03-31T04:28:53.486132+00:00,200.78937363624573,0.5,0.5,97.0,27735.25,32760.0,209.66,61.0,10200.9169921875,26946.0,pynvml
2026-03-31T04:28:53.990727+00:00,201.2939670085907,0.5,0.6,100.0,27735.25,32760.0,214.02,63.0,12659.572265625,26946.0,pynvml
2026-03-31T04:28:54.495309+00:00,201.79855108261108,0.5,0.6,68.0,27735.25,32760.0,197.155,65.0,12555.91259765625,26946.0,pynvml
2026-03-31T04:28:55.000356+00:00,202.30359745025635,0.5,0.6,97.0,27735.25,32760.0,185.52,64.0,13337.951171875,26946.0,pynvml
2026-03-31T04:28:55.505694+00:00,202.808935880661,0.5,0.5,99.0,27735.25,32760.0,204.731,60.0,10200.9150390625,26946.0,pynvml
2026-03-31T04:28:56.010218+00:00,203.313458442688,0.5,0.6,99.0,27735.25,32760.0,203.768,62.0,15057.67626953125,26946.0,pynvml
2026-03-31T04:28:56.514770+00:00,203.818012714386,0.5,0.6,68.0,27735.25,32760.0,196.357,64.0,12166.67529296875,26946.0,pynvml
2026-03-31T04:28:57.019839+00:00,204.3230791091919,0.5,0.5,95.0,27735.25,32760.0,202.261,60.0,10182.4931640625,26946.0,pynvml
2026-03-31T04:28:57.524164+00:00,204.82740688323975,0.5,0.6,98.0,27735.25,32760.0,202.426,65.0,12772.810546875,26946.0,pynvml
2026-03-31T04:28:58.029848+00:00,205.3331003189087,0.5,0.6,70.0,27735.25,32760.0,199.128,62.0,12159.51708984375,26946.0,pynvml
2026-03-31T04:28:58.535215+00:00,205.83846640586853,0.5,0.6,63.0,27735.25,32760.0,194.571,65.0,13697.88671875,26946.0,pynvml
2026-03-31T04:28:59.040860+00:00,206.34410309791565,0.5,0.6,97.0,27735.25,32760.0,201.453,59.0,10200.91357421875,26946.0,pynvml
2026-03-31T04:28:59.545949+00:00,206.84919214248657,0.5,0.5,97.0,27735.25,32760.0,215.839,60.0,10200.9140625,26946.0,pynvml
2026-03-31T04:29:00.050733+00:00,207.35397672653198,0.5,0.6,70.0,27735.25,32760.0,202.447,63.0,15082.04736328125,26946.0,pynvml
2026-03-31T04:29:00.555877+00:00,207.85912227630615,0.5,0.6,79.0,27735.25,32760.0,198.818,64.0,13665.4658203125,26946.0,pynvml
2026-03-31T04:29:01.061074+00:00,208.36431503295898,0.5,0.5,97.0,27735.25,32760.0,208.115,60.0,10200.91552734375,26946.0,pynvml
2026-03-31T04:29:01.565832+00:00,208.86907982826233,0.5,0.6,100.0,27735.25,32760.0,201.359,63.0,15415.23876953125,26946.0,pynvml
2026-03-31T04:29:02.071890+00:00,209.37513184547424,0.5,0.6,97.0,27735.25,32760.0,205.775,64.0,11996.52001953125,26946.0,pynvml
2026-03-31T04:29:02.577210+00:00,209.88045263290405,0.5,0.6,94.0,27735.25,32760.0,201.95,60.0,10200.91357421875,26946.0,pynvml
2026-03-31T04:29:03.082029+00:00,210.38527178764343,0.5,0.6,97.0,27735.25,32760.0,203.543,65.0,12781.763671875,26946.0,pynvml
2026-03-31T04:29:03.587373+00:00,210.89061737060547,0.5,0.6,71.0,27735.25,32760.0,200.344,65.0,13688.53662109375,26946.0,pynvml
2026-03-31T04:29:04.102277+00:00,211.40553045272827,0.5,0.6,65.0,27735.25,32760.0,195.234,64.0,14439.19921875,26946.0,pynvml
2026-03-31T04:29:04.608845+00:00,211.91209626197815,0.5,0.5,98.0,27735.25,32760.0,205.215,60.0,10200.91357421875,26946.0,pynvml
2026-03-31T04:29:05.115496+00:00,212.41874623298645,0.5,0.6,97.0,27735.25,32760.0,210.72,61.0,12765.4326171875,26946.0,pynvml
2026-03-31T04:29:05.620878+00:00,212.92412328720093,0.5,0.6,80.0,27735.25,32760.0,196.426,65.0,16050.6650390625,26946.0,pynvml
2026-03-31T04:29:06.126200+00:00,213.4294466972351,0.5,0.5,97.0,27735.25,32760.0,200.483,59.0,10182.4931640625,26946.0,pynvml
2026-03-31T04:29:06.631565+00:00,213.9348063468933,0.5,0.6,97.0,27735.25,32760.0,210.047,60.0,10200.91015625,26946.0,pynvml
2026-03-31T04:29:07.137084+00:00,214.4403269290924,0.5,0.6,100.0,27735.25,32760.0,200.635,62.0,15815.43359375,26946.0,pynvml
2026-03-31T04:29:07.642612+00:00,214.94585371017456,0.5,0.6,97.0,27735.25,32760.0,201.607,65.0,12265.1572265625,26946.0,pynvml
2026-03-31T04:29:08.148311+00:00,215.451562166214,0.5,0.5,95.0,27735.25,32760.0,208.474,60.0,10200.9111328125,26946.0,pynvml
2026-03-31T04:29:08.654282+00:00,215.95752429962158,0.5,0.6,100.0,27735.25,32760.0,206.34,66.0,12771.25537109375,26946.0,pynvml
2026-03-31T04:29:09.159684+00:00,216.46293544769287,0.5,0.7,44.0,27735.25,32760.0,187.848,65.0,14160.1259765625,26946.0,pynvml
2026-03-31T04:29:09.665118+00:00,216.96836400032043,0.5,0.5,97.0,27735.25,32760.0,197.082,59.0,10182.4931640625,26946.0,pynvml
2026-03-31T04:29:10.169807+00:00,217.47304797172546,0.5,0.6,97.0,27735.25,32760.0,207.921,60.0,10200.91064453125,26946.0,pynvml
2026-03-31T04:29:10.677327+00:00,217.9805691242218,0.5,0.6,97.0,27735.25,32760.0,206.892,64.0,12765.03076171875,26946.0,pynvml
2026-03-31T04:29:11.182288+00:00,218.4855318069458,0.5,0.6,84.0,27735.25,32760.0,203.514,65.0,15124.1396484375,26946.0,pynvml
2026-03-31T04:29:11.686876+00:00,218.99011993408203,0.5,0.6,65.0,27735.25,32760.0,195.055,59.0,10182.4931640625,26946.0,pynvml
2026-03-31T04:29:12.191823+00:00,219.49506402015686,0.5,0.6,97.0,27735.25,32760.0,205.104,65.0,12763.8779296875,26946.0,pynvml
2026-03-31T04:29:12.697277+00:00,220.00052285194397,0.5,0.6,100.0,27735.25,32760.0,201.767,65.0,13180.46630859375,26946.0,pynvml
2026-03-31T04:29:13.202731+00:00,220.50598239898682,0.5,0.6,80.0,27735.25,32760.0,200.86,65.0,14446.90283203125,26946.0,pynvml
2026-03-31T04:29:13.708805+00:00,221.01204657554626,0.5,0.5,97.0,27735.25,32760.0,206.779,60.0,10200.912109375,26946.0,pynvml
2026-03-31T04:29:14.214163+00:00,221.51741003990173,0.5,0.6,100.0,27735.25,32760.0,209.974,65.0,12774.69677734375,26946.0,pynvml
2026-03-31T04:29:14.719357+00:00,222.02260851860046,0.5,0.8,37.0,27735.25,32760.0,182.008,65.0,13925.849609375,26946.0,pynvml
2026-03-31T04:29:15.225483+00:00,222.52873468399048,0.5,0.5,98.0,27735.25,32760.0,188.376,60.0,10182.4931640625,26946.0,pynvml
2026-03-31T04:29:15.730118+00:00,223.03336215019226,0.5,0.6,97.0,27735.25,32760.0,211.758,65.0,12764.04150390625,26946.0,pynvml
2026-03-31T04:29:16.235149+00:00,223.53839325904846,0.5,0.6,68.0,27735.25,32760.0,199.85,63.0,13099.767578125,26946.0,pynvml
2026-03-31T04:29:16.740291+00:00,224.0435347557068,0.5,0.6,69.0,27735.25,32760.0,195.266,65.0,15106.54345703125,26946.0,pynvml
2026-03-31T04:29:17.245644+00:00,224.5488874912262,0.5,0.5,98.0,27735.25,32760.0,209.488,60.0,10200.91455078125,26946.0,pynvml
2026-03-31T04:29:17.751787+00:00,225.05503845214844,0.5,0.7,97.0,27735.25,32760.0,207.771,64.0,12762.64404296875,26946.0,pynvml
2026-03-31T04:29:18.258614+00:00,225.561865568161,0.5,0.6,49.0,27735.25,32760.0,189.155,65.0,13397.43798828125,26946.0,pynvml
2026-03-31T04:29:18.763446+00:00,226.06668758392334,0.5,0.6,67.0,27735.25,32760.0,184.784,65.0,15203.30224609375,26946.0,pynvml
2026-03-31T04:29:19.269353+00:00,226.57260465621948,0.5,0.5,97.0,27735.25,32760.0,208.752,60.0,10200.916015625,26946.0,pynvml
2026-03-31T04:29:19.774344+00:00,227.07758593559265,0.5,0.6,100.0,27735.25,32760.0,214.483,65.0,12771.04931640625,26946.0,pynvml
2026-03-31T04:29:20.279083+00:00,227.5823245048523,0.5,0.6,100.0,27735.25,32760.0,195.371,63.0,12881.2939453125,26946.0,pynvml
2026-03-31T04:29:20.785648+00:00,228.08889889717102,0.5,0.6,67.0,27735.25,32760.0,192.613,65.0,16155.73876953125,26946.0,pynvml
2026-03-31T04:29:21.291684+00:00,228.59493613243103,0.5,0.5,100.0,27735.25,32760.0,209.751,61.0,10200.91552734375,26946.0,pynvml
2026-03-31T04:29:21.796805+00:00,229.10004711151123,0.5,0.6,99.0,27735.25,32760.0,218.397,63.0,12853.37744140625,26946.0,pynvml
2026-03-31T04:29:22.303274+00:00,229.60652542114258,0.5,0.6,71.0,27735.25,32760.0,200.027,65.0,15117.740234375,26946.0,pynvml
2026-03-31T04:29:22.808650+00:00,230.1118905544281,0.5,0.6,98.0,27735.25,32760.0,208.015,60.0,10200.9169921875,26946.0,pynvml
2026-03-31T04:29:23.313551+00:00,230.61679911613464,0.5,0.6,99.0,27735.25,32760.0,214.913,63.0,13464.89404296875,26946.0,pynvml
2026-03-31T04:29:23.818510+00:00,231.1217589378357,0.5,0.6,88.0,27735.25,32760.0,198.727,65.0,15035.25634765625,26946.0,pynvml
2026-03-31T04:29:24.325025+00:00,231.62826657295227,0.5,0.5,97.0,27735.25,32760.0,211.464,61.0,10200.91650390625,26946.0,pynvml
2026-03-31T04:29:24.830310+00:00,232.13355350494385,0.5,0.6,100.0,27735.25,32760.0,212.017,65.0,12777.31787109375,26946.0,pynvml
2026-03-31T04:29:25.335775+00:00,232.63902688026428,0.5,0.6,69.0,27735.25,32760.0,198.183,65.0,14377.40234375,26946.0,pynvml
2026-03-31T04:29:25.850011+00:00,233.15325331687927,0.5,0.6,100.0,27735.25,32760.0,202.272,59.0,10182.4931640625,26946.0,pynvml
2026-03-31T04:29:26.355404+00:00,233.65865993499756,0.5,0.6,98.0,27735.25,32760.0,213.089,65.0,12765.26416015625,26946.0,pynvml
2026-03-31T04:29:26.860377+00:00,234.16361951828003,0.5,0.8,42.0,27735.25,32760.0,191.484,65.0,11851.86279296875,26946.0,pynvml
2026-03-31T04:29:27.365940+00:00,234.66919088363647,0.5,0.6,69.0,27735.25,32760.0,185.455,64.0,14335.21044921875,26946.0,pynvml
2026-03-31T04:29:27.872816+00:00,235.1760606765747,0.5,0.5,97.0,27735.25,32760.0,202.486,60.0,10200.91162109375,26946.0,pynvml
2026-03-31T04:29:28.377754+00:00,235.68099546432495,0.5,0.6,98.0,27735.25,32760.0,214.828,65.0,12781.24853515625,26946.0,pynvml
2026-03-31T04:29:28.882722+00:00,236.1859633922577,0.5,0.6,100.0,27735.25,32760.0,201.41,65.0,14009.66357421875,26946.0,pynvml
2026-03-31T04:29:29.387900+00:00,236.69114232063293,0.5,0.6,97.0,27735.25,32760.0,195.51,65.0,12338.01904296875,26946.0,pynvml
2026-03-31T04:29:29.892981+00:00,237.19622445106506,0.5,0.6,97.0,27735.25,32760.0,200.714,60.0,10200.91455078125,26946.0,pynvml
2026-03-31T04:29:30.413912+00:00,237.71715807914734,0.5,0.6,98.0,27735.25,32760.0,198.764,60.0,10200.9130859375,26946.0,pynvml
2026-03-31T04:29:30.918641+00:00,238.22188210487366,0.5,0.6,98.0,27735.25,32760.0,198.585,65.0,12877.73681640625,26946.0,pynvml
2026-03-31T04:29:31.423235+00:00,238.7264757156372,0.5,0.6,68.0,27735.25,32760.0,200.63,65.0,12363.9423828125,26946.0,pynvml
2026-03-31T04:29:31.953151+00:00,239.2563979625702,0.5,0.6,67.0,27735.25,32760.0,194.694,65.0,14363.08740234375,26946.0,pynvml
2026-03-31T04:29:32.459045+00:00,239.76229548454285,0.5,0.6,97.0,27735.25,32760.0,205.41,60.0,10200.91357421875,26946.0,pynvml
2026-03-31T04:29:32.964365+00:00,240.26760935783386,0.5,0.6,97.0,27735.25,32760.0,211.685,61.0,12781.70166015625,26946.0,pynvml
2026-03-31T04:29:33.470380+00:00,240.77362203598022,0.5,0.6,97.0,27735.25,32760.0,195.883,63.0,12011.41259765625,26946.0,pynvml
2026-03-31T04:29:33.975440+00:00,241.27868270874023,0.5,0.6,67.0,27735.25,32760.0,197.86,65.0,14181.77099609375,26946.0,pynvml
2026-03-31T04:29:34.480860+00:00,241.78410291671753,0.5,0.6,68.0,27735.25,32760.0,193.891,59.0,10182.4931640625,26946.0,pynvml
2026-03-31T04:29:34.986359+00:00,242.2896020412445,0.5,0.6,98.0,27735.25,32760.0,203.925,61.0,12767.19384765625,26946.0,pynvml
2026-03-31T04:29:35.492375+00:00,242.79561853408813,0.5,0.6,100.0,27735.25,32760.0,198.098,63.0,14195.8994140625,26946.0,pynvml
2026-03-31T04:29:35.997516+00:00,243.3007698059082,0.5,0.6,86.0,27735.25,32760.0,197.778,65.0,14895.96728515625,26946.0,pynvml
2026-03-31T04:29:36.502789+00:00,243.80603170394897,0.5,0.5,97.0,27735.25,32760.0,207.972,60.0,10200.9130859375,26946.0,pynvml
2026-03-31T04:29:37.009345+00:00,244.31258726119995,0.5,0.6,100.0,27735.25,32760.0,209.011,65.0,12781.74072265625,26946.0,pynvml
2026-03-31T04:29:37.513941+00:00,244.81718492507935,0.5,0.6,88.0,27735.25,32760.0,199.505,65.0,14862.52880859375,26946.0,pynvml
2026-03-31T04:29:38.018602+00:00,245.32184147834778,0.5,0.6,97.0,27735.25,32760.0,202.821,59.0,10200.91552734375,26946.0,pynvml
2026-03-31T04:29:38.523561+00:00,245.82680320739746,0.5,0.5,98.0,27735.25,32760.0,212.82,65.0,12759.609375,26946.0,pynvml
2026-03-31T04:29:39.029035+00:00,246.33227825164795,0.5,0.6,71.0,27735.25,32760.0,206.242,65.0,15144.71337890625,26946.0,pynvml
2026-03-31T04:29:39.534292+00:00,246.83753275871277,0.5,0.5,96.0,27735.25,32760.0,208.887,61.0,10200.91357421875,26946.0,pynvml
2026-03-31T04:29:40.039294+00:00,247.34253764152527,0.5,0.6,100.0,27735.25,32760.0,212.0,61.0,12783.765625,26946.0,pynvml
2026-03-31T04:29:40.545022+00:00,247.84826564788818,0.5,0.6,100.0,27735.25,32760.0,195.897,65.0,15911.35791015625,26946.0,pynvml
2026-03-31T04:29:41.050144+00:00,248.3533856868744,0.5,0.5,100.0,27735.25,32760.0,202.617,59.0,10182.4931640625,26946.0,pynvml
2026-03-31T04:29:41.555024+00:00,248.85826635360718,0.5,0.7,98.0,27735.25,32760.0,211.335,65.0,12761.77783203125,26946.0,pynvml
2026-03-31T04:29:42.060625+00:00,249.3638677597046,0.5,0.6,68.0,27735.25,32760.0,205.112,65.0,13895.76416015625,26946.0,pynvml
2026-03-31T04:29:42.565637+00:00,249.86887741088867,0.5,0.6,97.0,27735.25,32760.0,196.606,65.0,13299.900390625,26946.0,pynvml
2026-03-31T04:29:43.081892+00:00,250.38514399528503,0.5,0.5,97.0,27735.25,32760.0,206.563,61.0,10200.91552734375,26946.0,pynvml
2026-03-31T04:29:43.587308+00:00,250.89055705070496,0.5,0.6,100.0,27735.25,32760.0,204.377,64.0,12824.33447265625,26946.0,pynvml
2026-03-31T04:29:44.092709+00:00,251.39596033096313,0.5,0.6,66.0,27735.25,32760.0,194.295,65.0,15044.46728515625,26946.0,pynvml
2026-03-31T04:29:44.598532+00:00,251.90178203582764,0.5,0.5,97.0,27735.25,32760.0,203.378,61.0,10200.91650390625,26946.0,pynvml
2026-03-31T04:29:45.105349+00:00,252.40859866142273,0.5,0.6,97.0,27735.25,32760.0,215.984,66.0,12778.12060546875,26946.0,pynvml
2026-03-31T04:29:45.610167+00:00,252.913419008255,0.5,0.6,68.0,27735.25,32760.0,202.173,65.0,14133.84765625,26946.0,pynvml
2026-03-31T04:29:46.114759+00:00,253.41799998283386,0.5,0.6,81.0,27735.25,32760.0,199.011,64.0,11873.67626953125,26946.0,pynvml
2026-03-31T04:29:46.620399+00:00,253.92364978790283,0.5,0.5,97.0,27735.25,32760.0,207.907,60.0,10200.90576171875,26946.0,pynvml
2026-03-31T04:29:47.125942+00:00,254.42919325828552,0.5,0.6,98.0,27735.25,32760.0,203.802,65.0,12813.20703125,26946.0,pynvml
2026-03-31T04:29:47.632222+00:00,254.9354636669159,0.5,0.6,67.0,27735.25,32760.0,197.114,65.0,13763.98388671875,26946.0,pynvml
2026-03-31T04:29:48.136724+00:00,255.43996453285217,0.5,0.6,97.0,27735.25,32760.0,199.159,59.0,10182.4931640625,26946.0,pynvml
2026-03-31T04:29:48.642043+00:00,255.9452850818634,0.5,0.7,100.0,27735.25,32760.0,199.306,65.0,12764.46142578125,26946.0,pynvml
2026-03-31T04:29:49.147785+00:00,256.45103669166565,0.5,0.6,72.0,27735.25,32760.0,190.634,65.0,13276.80224609375,26946.0,pynvml
2026-03-31T04:29:49.654605+00:00,256.9578559398651,0.5,0.6,97.0,27735.25,32760.0,194.52,65.0,12290.634765625,26946.0,pynvml
2026-03-31T04:29:50.161149+00:00,257.46439576148987,0.5,0.6,97.0,27735.25,32760.0,194.42,59.0,10182.4931640625,26946.0,pynvml
2026-03-31T04:29:50.666572+00:00,257.9698226451874,0.5,0.6,98.0,27735.25,32760.0,212.546,65.0,12768.13720703125,26946.0,pynvml
2026-03-31T04:29:51.171907+00:00,258.4751510620117,0.5,0.6,72.0,27735.25,32760.0,205.093,63.0,12749.2666015625,26946.0,pynvml
2026-03-31T04:29:51.676308+00:00,258.9795491695404,0.5,0.6,68.0,27735.25,32760.0,197.036,65.0,12927.3740234375,26946.0,pynvml
2026-03-31T04:29:52.180927+00:00,259.48416924476624,0.5,0.6,97.0,27735.25,32760.0,190.891,64.0,11414.23291015625,26946.0,pynvml
2026-03-31T04:29:52.686220+00:00,259.9894714355469,0.5,0.5,97.0,27735.25,32760.0,201.54,60.0,10200.91357421875,26946.0,pynvml
2026-03-31T04:29:53.191911+00:00,260.4951617717743,0.5,0.6,100.0,27735.25,32760.0,200.038,65.0,12813.70947265625,26946.0,pynvml
2026-03-31T04:29:53.696985+00:00,261.00022983551025,0.5,0.6,72.0,27735.25,32760.0,201.549,65.0,12851.4609375,26946.0,pynvml
2026-03-31T04:29:54.203508+00:00,261.50675916671753,0.5,0.6,97.0,27735.25,32760.0,194.008,65.0,13515.33544921875,26946.0,pynvml
2026-03-31T04:29:54.710764+00:00,262.0140154361725,0.5,0.5,97.0,27735.25,32760.0,208.082,61.0,10200.912109375,26946.0,pynvml
2026-03-31T04:29:55.217333+00:00,262.5205833911896,0.5,0.6,100.0,27735.25,32760.0,204.071,60.0,10200.90966796875,26946.0,pynvml
2026-03-31T04:29:55.723033+00:00,263.02627635002136,0.5,0.6,100.0,27735.25,32760.0,197.769,63.0,12741.998046875,26946.0,pynvml
2026-03-31T04:29:56.228510+00:00,263.5317611694336,0.5,0.6,67.0,27735.25,32760.0,193.463,65.0,14622.3740234375,26946.0,pynvml
2026-03-31T04:29:56.733228+00:00,264.03646969795227,0.5,0.5,97.0,27735.25,32760.0,204.929,60.0,10182.4931640625,26946.0,pynvml
2026-03-31T04:29:57.238123+00:00,264.5413646697998,0.5,0.6,100.0,27735.25,32760.0,215.535,65.0,12778.10498046875,26946.0,pynvml
2026-03-31T04:29:57.744259+00:00,265.04750895500183,0.5,0.6,89.0,27735.25,32760.0,197.894,65.0,15852.2294921875,26946.0,pynvml
2026-03-31T04:29:58.249432+00:00,265.55267786979675,0.5,0.5,100.0,27735.25,32760.0,203.882,60.0,10182.4931640625,26946.0,pynvml
2026-03-31T04:29:58.754855+00:00,266.0580966472626,0.5,0.6,98.0,27735.25,32760.0,212.105,60.0,10200.91259765625,26946.0,pynvml
2026-03-31T04:29:59.262409+00:00,266.5656509399414,0.5,0.6,97.0,27735.25,32760.0,200.627,63.0,13743.98193359375,26946.0,pynvml
2026-03-31T04:29:59.767271+00:00,267.0705134868622,0.5,0.6,79.0,27735.25,32760.0,193.415,65.0,11416.17236328125,26946.0,pynvml
2026-03-31T04:30:00.272443+00:00,267.5756866931915,0.5,0.6,68.0,27735.25,32760.0,189.472,64.0,13117.05712890625,26946.0,pynvml
2026-03-31T04:30:00.778287+00:00,268.08153009414673,0.5,0.5,97.0,27735.25,32760.0,202.084,61.0,10200.9111328125,26946.0,pynvml
2026-03-31T04:30:01.284126+00:00,268.58737111091614,0.5,0.6,97.0,27735.25,32760.0,204.22,65.0,12767.81884765625,26946.0,pynvml
2026-03-31T04:30:01.788809+00:00,269.0920526981354,0.5,0.6,69.0,27735.25,32760.0,198.462,65.0,14152.759765625,26946.0,pynvml
2026-03-31T04:30:02.294057+00:00,269.59730529785156,0.5,0.6,68.0,27735.25,32760.0,192.804,65.0,12216.53173828125,26946.0,pynvml
2026-03-31T04:30:02.799810+00:00,270.1030502319336,0.5,0.6,95.0,27735.25,32760.0,202.023,60.0,10182.4931640625,26946.0,pynvml
2026-03-31T04:30:03.304429+00:00,270.6076719760895,0.5,0.7,97.0,27735.25,32760.0,204.665,65.0,12779.38916015625,26946.0,pynvml
2026-03-31T04:30:03.810027+00:00,271.1132769584656,0.5,0.7,33.0,27735.25,32760.0,191.544,64.0,13879.39697265625,26946.0,pynvml
2026-03-31T04:30:04.315345+00:00,271.6185863018036,0.5,0.6,90.0,27735.25,32760.0,190.273,62.0,10967.2373046875,26946.0,pynvml
2026-03-31T04:30:04.821181+00:00,272.1244316101074,0.5,0.5,98.0,27735.25,32760.0,211.681,65.0,12768.4658203125,26946.0,pynvml
2026-03-31T04:30:05.327009+00:00,272.6302590370178,0.5,0.6,90.0,27735.25,32760.0,203.66,65.0,16059.673828125,26946.0,pynvml
2026-03-31T04:30:05.832997+00:00,273.1362495422363,0.5,0.5,100.0,27735.25,32760.0,205.878,61.0,10200.9150390625,26946.0,pynvml
2026-03-31T04:30:06.339343+00:00,273.6425931453705,0.5,0.6,97.0,27735.25,32760.0,213.413,65.0,12773.26513671875,26946.0,pynvml
2026-03-31T04:30:06.844507+00:00,274.14775562286377,0.5,0.6,68.0,27735.25,32760.0,198.94,64.0,12161.185546875,26946.0,pynvml
2026-03-31T04:30:07.350104+00:00,274.65335512161255,0.5,0.6,68.0,27735.25,32760.0,191.469,65.0,16212.23876953125,26946.0,pynvml
2026-03-31T04:30:07.870024+00:00,275.1732668876648,0.5,0.6,97.0,27735.25,32760.0,203.022,60.0,10200.91650390625,26946.0,pynvml
2026-03-31T04:30:08.376251+00:00,275.67950081825256,0.5,0.6,100.0,27735.25,32760.0,211.091,65.0,12770.41552734375,26946.0,pynvml
2026-03-31T04:30:08.882180+00:00,276.1854250431061,0.5,0.6,100.0,27735.25,32760.0,198.304,64.0,13852.46923828125,26946.0,pynvml
2026-03-31T04:30:09.387571+00:00,276.69081234931946,0.5,0.6,83.0,27735.25,32760.0,194.548,65.0,12743.517578125,26946.0,pynvml
2026-03-31T04:30:09.892888+00:00,277.19613122940063,0.5,0.6,95.0,27735.25,32760.0,199.529,59.0,10182.4931640625,26946.0,pynvml
2026-03-31T04:30:10.398111+00:00,277.7013530731201,0.5,0.6,97.0,27735.25,32760.0,202.233,60.0,10200.91552734375,26946.0,pynvml
2026-03-31T04:30:10.902765+00:00,278.2060067653656,0.5,0.6,98.0,27735.25,32760.0,200.204,65.0,12776.3134765625,26946.0,pynvml
2026-03-31T04:30:11.409231+00:00,278.71248173713684,0.5,0.6,69.0,27735.25,32760.0,200.771,64.0,13869.4111328125,26946.0,pynvml
2026-03-31T04:30:11.915982+00:00,279.21923303604126,0.5,0.6,68.0,27735.25,32760.0,196.073,65.0,12545.818359375,26946.0,pynvml
2026-03-31T04:30:12.421370+00:00,279.7246162891388,0.5,0.5,95.0,27735.25,32760.0,201.472,59.0,10182.4931640625,26946.0,pynvml
2026-03-31T04:30:12.926973+00:00,280.23021483421326,0.5,0.6,97.0,27735.25,32760.0,202.209,61.0,10200.9150390625,26946.0,pynvml
2026-03-31T04:30:13.431805+00:00,280.7350482940674,0.5,0.8,48.0,27735.25,32760.0,188.258,65.0,16193.06591796875,26946.0,pynvml
2026-03-31T04:30:13.937050+00:00,281.2402913570404,0.5,0.5,97.0,27735.25,32760.0,195.587,61.0,10200.91552734375,26946.0,pynvml
2026-03-31T04:30:14.442167+00:00,281.7454102039337,0.5,0.6,100.0,27735.25,32760.0,210.151,63.0,12769.91455078125,26946.0,pynvml
2026-03-31T04:30:14.946957+00:00,282.2501997947693,0.5,0.6,95.0,27735.25,32760.0,196.46,65.0,14875.33984375,26946.0,pynvml
2026-03-31T04:30:15.452360+00:00,282.7556047439575,0.5,0.6,97.0,27735.25,32760.0,196.869,65.0,12547.94287109375,26946.0,pynvml
2026-03-31T04:30:15.957012+00:00,283.26025342941284,0.5,0.5,95.0,27735.25,32760.0,202.093,61.0,10200.9111328125,26946.0,pynvml
2026-03-31T04:30:16.461364+00:00,283.76460671424866,0.5,0.6,97.0,27735.25,32760.0,206.449,65.0,12774.9208984375,26946.0,pynvml
2026-03-31T04:30:16.967219+00:00,284.27046179771423,0.5,0.6,77.0,27735.25,32760.0,202.41,64.0,13917.41162109375,26946.0,pynvml
2026-03-31T04:30:17.472637+00:00,284.7758800983429,0.5,0.6,68.0,27735.25,32760.0,195.143,65.0,13008.14501953125,26946.0,pynvml
2026-03-31T04:30:18.006824+00:00,285.3100655078888,0.5,0.5,95.0,27735.25,32760.0,199.411,59.0,10200.90966796875,26946.0,pynvml
2026-03-31T04:30:18.512892+00:00,285.8161337375641,0.5,0.6,97.0,27735.25,32760.0,211.312,61.0,10200.91015625,26946.0,pynvml
2026-03-31T04:30:19.018873+00:00,286.3221137523651,0.5,0.6,86.0,27735.25,32760.0,203.4,65.0,12768.591796875,26946.0,pynvml
2026-03-31T04:30:19.523643+00:00,286.82688665390015,0.5,0.6,80.0,27735.25,32760.0,196.805,65.0,14033.150390625,26946.0,pynvml
2026-03-31T04:30:20.028232+00:00,287.33147382736206,0.5,0.6,97.0,27735.25,32760.0,194.192,65.0,13416.83349609375,26946.0,pynvml
2026-03-31T04:30:20.533596+00:00,287.8368396759033,0.5,0.5,96.0,27735.25,32760.0,210.952,60.0,10200.91455078125,26946.0,pynvml
2026-03-31T04:30:21.038163+00:00,288.34140491485596,0.5,0.6,85.0,27735.25,32760.0,202.29,65.0,12778.1396484375,26946.0,pynvml
2026-03-31T04:30:21.543269+00:00,288.84651160240173,0.5,0.7,31.0,27735.25,32760.0,183.631,65.0,13869.40478515625,26946.0,pynvml
2026-03-31T04:30:22.048272+00:00,289.35151290893555,0.5,0.6,97.0,27735.25,32760.0,181.248,59.0,10182.4931640625,26946.0,pynvml
2026-03-31T04:30:22.554039+00:00,289.8572816848755,0.5,0.6,98.0,27735.25,32760.0,205.69,60.0,10200.9130859375,26946.0,pynvml
2026-03-31T04:30:23.058679+00:00,290.36191964149475,0.5,0.6,97.0,27735.25,32760.0,204.749,63.0,12845.23486328125,26946.0,pynvml
2026-03-31T04:30:23.563622+00:00,290.86686849594116,0.5,0.6,68.0,27735.25,32760.0,196.19,65.0,15331.34619140625,26946.0,pynvml
2026-03-31T04:30:24.069113+00:00,291.372358083725,0.5,0.5,97.0,27735.25,32760.0,206.239,61.0,10200.91552734375,26946.0,pynvml
2026-03-31T04:30:24.574696+00:00,291.87794065475464,0.5,0.7,94.0,27735.25,32760.0,209.173,64.0,15947.07568359375,26946.0,pynvml
2026-03-31T04:30:25.079409+00:00,292.3826518058777,0.5,0.6,85.0,27735.25,32760.0,191.907,59.0,10182.4931640625,26946.0,pynvml
2026-03-31T04:30:25.584541+00:00,292.88778257369995,0.5,0.5,98.0,27735.25,32760.0,209.837,65.0,12769.0546875,26946.0,pynvml
2026-03-31T04:30:26.088705+00:00,293.39194893836975,0.5,0.6,100.0,27735.25,32760.0,207.307,65.0,13925.8505859375,26946.0,pynvml
2026-03-31T04:30:26.593977+00:00,293.8972189426422,0.5,0.6,97.0,27735.25,32760.0,199.377,65.0,13642.60693359375,26946.0,pynvml
2026-03-31T04:30:27.099089+00:00,294.40233087539673,0.5,0.5,97.0,27735.25,32760.0,206.444,61.0,10200.9130859375,26946.0,pynvml
2026-03-31T04:30:27.603740+00:00,294.9069814682007,0.5,0.6,100.0,27735.25,32760.0,205.458,61.0,10200.9140625,26946.0,pynvml
2026-03-31T04:30:28.109523+00:00,295.4128007888794,0.5,0.6,100.0,27735.25,32760.0,199.975,62.0,15207.61572265625,26946.0,pynvml
2026-03-31T04:30:28.614514+00:00,295.91775918006897,0.5,0.6,97.0,27735.25,32760.0,194.848,65.0,13739.84033203125,26946.0,pynvml
2026-03-31T04:30:29.119862+00:00,296.4231035709381,0.5,0.5,97.0,27735.25,32760.0,211.447,61.0,10200.91162109375,26946.0,pynvml
2026-03-31T04:30:29.624448+00:00,296.92769026756287,0.5,0.6,93.0,27735.25,32760.0,205.015,66.0,12767.26171875,26946.0,pynvml
2026-03-31T04:30:30.131990+00:00,297.43523597717285,0.5,0.6,69.0,27735.25,32760.0,197.617,65.0,14017.5234375,26946.0,pynvml
2026-03-31T04:30:30.637039+00:00,297.94028067588806,0.5,0.6,97.0,27735.25,32760.0,202.075,62.0,10277.47314453125,26946.0,pynvml
2026-03-31T04:30:31.142045+00:00,298.4452874660492,0.5,0.5,98.0,27735.25,32760.0,214.113,61.0,10200.9111328125,26946.0,pynvml
2026-03-31T04:30:31.646923+00:00,298.950163602829,0.5,0.6,74.0,27735.25,32760.0,206.659,64.0,13655.32763671875,26946.0,pynvml
2026-03-31T04:30:32.152147+00:00,299.45539140701294,0.5,0.6,72.0,27735.25,32760.0,199.089,65.0,13114.67578125,26946.0,pynvml
2026-03-31T04:30:32.658057+00:00,299.96129727363586,0.5,0.5,90.0,27735.25,32760.0,198.88,60.0,10182.4931640625,26946.0,pynvml
2026-03-31T04:30:33.163210+00:00,300.466450214386,0.5,0.6,97.0,27735.25,32760.0,212.84,61.0,15249.47998046875,26946.0,pynvml
2026-03-31T04:30:33.309687+00:00,300.61292481422424,0.5,0.6,97.0,27735.25,32760.0,205.635,60.0,10182.4931640625,26946.0,pynvml
